-- phpMyAdmin SQL Dump
-- version 5.2.1
-- https://www.phpmyadmin.net/
--
-- Máy chủ: 127.0.0.1
-- Thời gian đã tạo: Th2 15, 2024 lúc 05:09 AM
-- Phiên bản máy phục vụ: 10.4.28-MariaDB
-- Phiên bản PHP: 7.4.30

SET SQL_MODE = "NO_AUTO_VALUE_ON_ZERO";
START TRANSACTION;
SET time_zone = "+00:00";


/*!40101 SET @OLD_CHARACTER_SET_CLIENT=@@CHARACTER_SET_CLIENT */;
/*!40101 SET @OLD_CHARACTER_SET_RESULTS=@@CHARACTER_SET_RESULTS */;
/*!40101 SET @OLD_COLLATION_CONNECTION=@@COLLATION_CONNECTION */;
/*!40101 SET NAMES utf8mb4 */;

--
-- Cơ sở dữ liệu: `e-commerce`
--

-- --------------------------------------------------------

--
-- Cấu trúc bảng cho bảng `categories`
--

CREATE TABLE `categories` (
  `id` int(11) NOT NULL,
  `name` varchar(255) NOT NULL,
  `slug` varchar(255) NOT NULL,
  `parent_id` int(11) NOT NULL DEFAULT 0,
  `description` text DEFAULT NULL,
  `image` varchar(255) DEFAULT NULL,
  `created_at` timestamp NOT NULL DEFAULT current_timestamp() ON UPDATE current_timestamp(),
  `updated_at` timestamp NULL DEFAULT NULL
) ENGINE=InnoDB DEFAULT CHARSET=utf8mb4 COLLATE=utf8mb4_general_ci;

--
-- Đang đổ dữ liệu cho bảng `categories`
--

INSERT INTO `categories` (`id`, `name`, `slug`, `parent_id`, `description`, `image`, `created_at`, `updated_at`) VALUES
(1, 'Cầu bình an', 'cau-binh-an', 0, NULL, 'FC057A-1-420x350-1.jpg', '2024-01-25 04:18:01', '2024-01-24 21:18:01'),
(2, 'Hút may mắn', 'hut-may-man', 0, NULL, 'FS6471-2-420x350-1.jpg', '2024-01-25 03:16:27', '2024-01-24 20:16:27'),
(6, 'Chiêu tài lộc', 'chieu-tai-loc', 0, NULL, 'FS6450-1-420x350-1.jpg', '2024-01-25 03:17:12', '2024-01-24 20:17:12'),
(19, 'Kiến thức phong thủy', 'kien-thuc-phong-thuy', 0, '<h2>7 kiến thức phong thủy tốt trong nh&agrave;</h2>\r\n\r\n<p style=\"text-align:justify\">Nếu tin v&agrave;o phong thủy, bạn sẽ biết tầm quan trọng của n&oacute; khi mua một ng&ocirc;i nh&agrave;. D&ugrave; b&aacute;n, phong thủy căn hộ tốt cũng sẽ gi&uacute;p bạn thực hiện giao dịch dễ hơn.</p>\r\n\r\n<p style=\"text-align:justify\">Phong thủy l&agrave; sự sắp xếp v&agrave; định hướng kh&ocirc;ng gian ng&ocirc;i nh&agrave; để c&oacute; luồng năng lượng t&iacute;ch cực (c&ograve;n gọi l&agrave; vượng kh&iacute;).</p>\r\n\r\n<p style=\"text-align:justify\"><em>Dưới đ&acirc;y l&agrave; 7 kiến thức về phong thủy cần lưu &yacute;.</em></p>\r\n\r\n<p><strong>Bố tr&iacute; nh&agrave; bếp</strong></p>\r\n\r\n<p style=\"text-align:justify\">Nh&agrave; bếp l&agrave; một trong những nơi quan trọng nhất trong ng&ocirc;i nh&agrave; - nơi ch&iacute;nh để bạn chuẩn bị thức ăn nu&ocirc;i sống cả gia đ&igrave;nh. Do đ&oacute;, phong thủy tốt trong nh&agrave; bếp sẽ t&aacute;c động t&iacute;ch cực đến sức khỏe v&agrave; sự gi&agrave;u c&oacute;.</p>\r\n\r\n<p style=\"text-align:justify\">Bếp l&agrave; yếu tố hỏa, trong khi bồn rửa l&agrave; yếu tố thủy. Phong thủy nh&agrave; bếp tốt khi bếp nấu kh&ocirc;ng đối diện trực tiếp với bồn rửa. Đặt đối diện sẽ khiến ch&uacute;ng xung khắc, g&acirc;y c&atilde;i v&atilde;, căng thẳng giữa c&aacute;c th&agrave;nh vi&ecirc;n trong gia đ&igrave;nh.</p>\r\n\r\n<p style=\"text-align:justify\">Vị tr&iacute; đặt bếp trong nh&agrave; cũng l&agrave; một yếu tố quan trọng để c&oacute; phong thủy tốt. N&ecirc;n đặt nh&agrave; bếp ở g&oacute;c ph&iacute;a nam hoặc t&acirc;y nam ng&ocirc;i nh&agrave; dựa tr&ecirc;n b&aacute;t qu&aacute;i (bản đồ năng lượng).</p>\r\n\r\n<p style=\"text-align:justify\">Phong thủy dựa tr&ecirc;n b&aacute;t qu&aacute;i chia ng&ocirc;i nh&agrave; th&agrave;nh ch&iacute;n khu vực, mỗi khu vực li&ecirc;n quan đến một kh&iacute;a cạnh nhất định trong cuộc sống như sự gi&agrave;u c&oacute;, thịnh vượng, t&igrave;nh y&ecirc;u, sức khỏe...</p>\r\n\r\n<p style=\"text-align:justify\">Bếp cũng kh&ocirc;ng n&ecirc;n đặt ở trung t&acirc;m ng&ocirc;i nh&agrave; v&igrave; n&oacute; tượng trưng cho t&acirc;m hỏa. C&aacute;ch bố tr&iacute; n&agrave;y c&oacute; thể g&acirc;y xui xẻo v&agrave; c&aacute;c vấn đề sức khỏe.</p>\r\n\r\n<p><strong>Cửa ch&iacute;nh kh&ocirc;ng đối diện bếp</strong></p>\r\n\r\n<p style=\"text-align:justify\">Cửa ch&iacute;nh của ng&ocirc;i nh&agrave; rất quan trọng trong x&aacute;c định phong thủy tốt hay xấu v&igrave; n&oacute; l&agrave; nơi kh&iacute; đi v&agrave;o. V&igrave; vậy, điều quan trọng l&agrave; n&oacute; phải ở đ&uacute;ng vị tr&iacute; v&agrave; hướng đ&uacute;ng hướng. Dấu hiệu cho thấy phong thủy tốt l&agrave; cửa ch&iacute;nh kh&ocirc;ng đối diện với bếp.</p>\r\n\r\n<p style=\"text-align:justify\">Một nguy&ecirc;n tắc nữa l&agrave; cửa bếp hoặc bếp nấu kh&ocirc;ng được tạo th&agrave;nh một đường thẳng với cửa trước. Năng lượng hỏa của nh&agrave; bếp sẽ xung đột với kh&iacute; v&agrave;o nh&agrave;.</p>\r\n\r\n<p style=\"text-align:justify\">Một số t&aacute;c động ti&ecirc;u cực của việc sắp xếp như vậy l&agrave; c&aacute;c vấn đề về sức khỏe, vấn đề t&agrave;i ch&iacute;nh, sự bất h&ograve;a hoặc thậm ch&iacute; l&agrave; tai nạn.</p>\r\n\r\n<p><strong>Cửa trước kh&ocirc;ng đối diện với thang m&aacute;y, cầu thang bộ</strong></p>\r\n\r\n<p style=\"text-align:justify\">Nếu cửa trước của bạn kh&ocirc;ng đối diện với thang m&aacute;y v&agrave; cầu thang bộ, đ&oacute; l&agrave; một dấu hiệu tốt.</p>\r\n\r\n<p style=\"text-align:justify\">Đ&oacute;ng mở cửa thang m&aacute;y được v&iacute; như hổ h&aacute; miệng chuẩn bị cho bữa ăn tiếp theo. Nếu cửa trước của bạn đối diện với thang m&aacute;y, n&oacute; c&oacute; thể g&acirc;y bất h&ograve;a, đ&aacute;nh nhau v&agrave; tai nạn trong gia đ&igrave;nh.</p>\r\n\r\n<p style=\"text-align:justify\">D&ugrave; quan niệm n&agrave;y kh&ocirc;ng được nhiều chuy&ecirc;n gia phong thủy ủng hộ, nhưng d&ugrave; sao cửa nh&agrave; đối diện thang m&aacute;y th&igrave; gia đ&igrave;nh bạn sẽ kh&ocirc;ng c&oacute; được sự ri&ecirc;ng tư.</p>\r\n\r\n<p style=\"text-align:justify\">Cửa trước cũng kh&ocirc;ng n&ecirc;n đối diện với cầu thang. Người ta tin rằng nếu cửa trước đối diện với bậc thang, năng lượng sẽ li&ecirc;n tục chảy ra khỏi nh&agrave; bạn v&agrave; di chuyển xuống dưới. Điều n&agrave;y g&acirc;y tổn thất t&agrave;i ch&iacute;nh v&igrave; t&agrave;i sản của bạn sẽ dễ d&agrave;ng &quot;lăn&quot; xuống cầu thang hơn.</p>\r\n\r\n<p><strong>Ph&ograve;ng tắm được bố tr&iacute; hợp l&yacute;</strong></p>\r\n\r\n<p style=\"text-align:justify\">Ph&ograve;ng tắm l&agrave; nơi trong nh&agrave; c&oacute; rất nhiều nước ra v&agrave;o. Yếu tố &quot;thủy&quot; trong phong thủy c&oacute; li&ecirc;n quan đến sự gi&agrave;u c&oacute;. V&igrave; vậy, nếu ph&ograve;ng tắm của bạn bị đặt sai vị tr&iacute;, điều đ&oacute; c&oacute; nghĩa l&agrave; t&agrave;i sản của bạn sẽ bị đổ s&ocirc;ng đổ bể.</p>\r\n\r\n<p style=\"text-align:justify\">Một điều cần tr&aacute;nh l&agrave; đặt cửa ph&ograve;ng tắm đối diện trực tiếp với cửa trước. Tương tự như nh&agrave; bếp, bố tr&iacute; như vậy sẽ khiến kh&iacute; v&agrave;o nh&agrave; đi thẳng v&agrave;o ph&ograve;ng tắm v&agrave; bị dội ra ngo&agrave;i.</p>\r\n\r\n<p><strong>Cửa kh&ocirc;ng đối diện trực tiếp với cửa nh&agrave; h&agrave;ng x&oacute;m</strong></p>\r\n\r\n<p style=\"text-align:justify\">Những ng&ocirc;i nh&agrave; c&oacute; cửa trước đối diện nhau l&agrave; dấu hiệu phong thủy kh&ocirc;ng tốt. Nếu lối v&agrave;o cửa ch&iacute;nh của bạn đối diện trực tiếp với h&agrave;ng x&oacute;m sẽ c&oacute; sự trao đổi năng lượng giữa cả hai, dẫn đến nhiều xung đột v&agrave; tranh c&atilde;i.</p>\r\n\r\n<p style=\"text-align:justify\">D&ugrave; kh&ocirc;ng &aacute;p dụng kiến thức phong thủy th&igrave; bạn cũng kh&ocirc;ng n&ecirc;n để cửa trước đối diện với căn hộ của h&agrave;ng x&oacute;m v&igrave; &iacute;t ri&ecirc;ng tư.</p>\r\n\r\n<p style=\"text-align:justify\">Tuy nhi&ecirc;n, v&igrave; c&aacute;c căn hộ ng&agrave;y nay được thiết kế rất nhỏ, n&ecirc;n kh&oacute; tr&aacute;nh cửa đặt đối diện h&agrave;ng x&oacute;m. Bạn c&oacute; thể treo một chiếc gương b&aacute;t qu&aacute;i tr&ecirc;n cửa ra v&agrave;o để giảm thiểu những t&aacute;c động ti&ecirc;u cực.</p>\r\n\r\n<p><strong>Nh&agrave; hướng ra kh&ocirc;ng gian tho&aacute;ng</strong></p>\r\n\r\n<p style=\"text-align:justify\">Nếu ng&ocirc;i nh&agrave; của bạn c&oacute; tầm nh&igrave;n rộng mở v&agrave; kh&ocirc;ng bị che khuất th&igrave; rất tốt cho phong thủy v&igrave; n&oacute; tượng trưng cho phượng ho&agrave;ng đỏ, một trong bốn vị thần bảo vệ của phong thủy.</p>\r\n\r\n<p style=\"text-align:justify\">Phượng ho&agrave;ng đỏ tượng trưng cho nguồn cảm hứng v&agrave; sự cởi mở với những &yacute; tưởng v&agrave; cơ hội mới. Do đ&oacute;, tầm nh&igrave;n kh&ocirc;ng bị che khuất v&agrave; kh&ocirc;ng gian mở sẽ gi&uacute;p tạo điều kiện thuận lợi cho d&ograve;ng năng lượng tr&ocirc;i chảy. Nếu nh&agrave; bạn đối mặt với một t&ograve;a nh&agrave; cao tầng hoặc một ngọn đồi, c&oacute; thể cản trở d&ograve;ng năng lượng.</p>\r\n\r\n<p><strong>Nh&agrave; kh&ocirc;ng nằm gần đường cao tốc, đường lớn</strong></p>\r\n\r\n<p style=\"text-align:justify\">Hầu hết người mua muốn tr&aacute;nh mua nh&agrave; gần đường cao tốc hoặc đường lớn v&igrave; tiếng ồn giao th&ocirc;ng v&agrave; kh&oacute;i bụi. C&ograve;n một yếu tố kh&aacute;c để kh&ocirc;ng mua một ng&ocirc;i nh&agrave; như vậy l&agrave; do phong thủy.</p>\r\n\r\n<p style=\"text-align:justify\">Trong phong thủy, d&ograve;ng giao th&ocirc;ng được so s&aacute;nh với d&ograve;ng chảy của s&ocirc;ng v&agrave; những con đường mang lại năng lượng cho ng&ocirc;i nh&agrave;.</p>\r\n\r\n<p style=\"text-align:justify\">Do đ&oacute;, một d&ograve;ng s&ocirc;ng chảy chậm v&agrave; uốn kh&uacute;c sẽ tốt l&agrave;nh hơn một d&ograve;ng s&ocirc;ng thẳng v&agrave; chảy xiết. Đ&oacute; l&agrave; l&yacute; do n&ecirc;n chọn những ng&ocirc;i nh&agrave; nằm tr&ecirc;n những con đường y&ecirc;n tĩnh hơn hoặc những con ng&otilde; nhỏ để c&oacute; nhiều năng lượng t&iacute;ch cực.</p>', NULL, '2024-02-05 08:36:34', '2024-02-05 01:36:34'),
(23, 'Xem tử vi', 'xem-tu-vi', 0, '<h2>Nội dung đang cập nhật...</h2>', NULL, '2024-01-26 08:20:02', '2024-01-26 01:20:02');

-- --------------------------------------------------------

--
-- Cấu trúc bảng cho bảng `customers`
--

CREATE TABLE `customers` (
  `id` int(11) NOT NULL,
  `fullname` varchar(255) DEFAULT NULL,
  `first_name` varchar(255) DEFAULT NULL,
  `last_name` varchar(255) DEFAULT NULL,
  `address` varchar(255) NOT NULL,
  `province` varchar(255) DEFAULT NULL,
  `phone` varchar(255) NOT NULL,
  `email` varchar(255) DEFAULT NULL,
  `note` text DEFAULT NULL,
  `created_at` timestamp NOT NULL DEFAULT current_timestamp() ON UPDATE current_timestamp(),
  `updated_at` timestamp NULL DEFAULT NULL
) ENGINE=InnoDB DEFAULT CHARSET=utf8mb4 COLLATE=utf8mb4_general_ci;

--
-- Đang đổ dữ liệu cho bảng `customers`
--

INSERT INTO `customers` (`id`, `fullname`, `first_name`, `last_name`, `address`, `province`, `phone`, `email`, `note`, `created_at`, `updated_at`) VALUES
(1, NULL, 'hao', 'Nguyễn Phước', 'Số 39 đường 204 cao lỗ,phường 4,quận 8', 'TP. Hồ Chí Minh', '0584228904', 'nguyenphuochao123@gmail.com', 'oke', '2024-01-28 21:10:29', '2024-01-28 21:10:29'),
(2, NULL, 'Thảo', 'Trần Kim', 'Số 39 đường 204 cao lỗ,phường 4,quận 8', 'TP. Hồ Chí Minh', '0584228904', 'nguyenphuochao123@gmail.com', 'oke', '2024-01-28 23:40:26', '2024-01-28 23:40:26'),
(3, NULL, 'hao', 'Nguyễn Phước', 'Số 39 đường 204 cao lỗ,phường 4,quận 8', 'TP. Hồ Chí Minh', '05842289041263', 'nguyenphuochao123@gmail.com', NULL, '2024-01-29 02:01:04', '2024-01-29 02:01:04'),
(4, NULL, 'Hảo', 'Nguyễn', '180 cao lỗ', 'TP. Hồ Chí Minh', 'd', 'nguyenphuochao123@gmail.com', NULL, '2024-02-04 21:28:50', '2024-02-04 21:28:50'),
(5, NULL, 'hao', 'Nguyễn Phước', 'Số 39 đường 204 cao lỗ,phường 4,quận 8', 'TP. Hồ Chí Minh', '058422', 'nguyenphuochao123@gmail.com', NULL, '2024-02-04 21:36:35', '2024-02-04 21:36:35'),
(6, NULL, 'hao', 'Nguyễn Phước', 'Số 39 đường 204 cao lỗ,phường 4,quận', 'TP. Hồ Chí Minh', '0584228904', 'nguyenphuochao123@gmail.com', NULL, '2024-02-04 21:38:26', '2024-02-04 21:38:26'),
(7, NULL, 'hao', 'Nguyễn Phước', 'aaa', 'TP. Hồ Chí Minh', '+84584228904', 'nguyenphuochao123@gmail.com', NULL, '2024-02-04 21:39:11', '2024-02-04 21:39:11'),
(8, 'test', NULL, NULL, 'Số 39 đường 204 cao lỗ,phường 4,quận 8', NULL, '0584228904', 'nguyenphuochao123@gmail.com', NULL, '2024-02-05 18:42:23', '2024-02-05 18:42:23'),
(9, NULL, 'test 2', 'Nguyễn Phước', 'Số 39 đường 204 cao lỗ,phường 4,quận 8', 'TP. Hồ Chí Minh', '0584228904', 'nguyenphuochao123@gmail.com', NULL, '2024-02-05 18:45:52', '2024-02-05 18:45:52'),
(10, 'hao Nguyễn Phước', NULL, NULL, 'Số 39 đường 204 cao lỗ,phường 4,quận 8', NULL, '0584228904', 'nguyenphuochao123@gmail.com', NULL, '2024-02-05 19:02:56', '2024-02-05 19:02:56');

-- --------------------------------------------------------

--
-- Cấu trúc bảng cho bảng `failed_jobs`
--

CREATE TABLE `failed_jobs` (
  `id` bigint(20) UNSIGNED NOT NULL,
  `uuid` varchar(255) NOT NULL,
  `connection` text NOT NULL,
  `queue` text NOT NULL,
  `payload` longtext NOT NULL,
  `exception` longtext NOT NULL,
  `failed_at` timestamp NOT NULL DEFAULT current_timestamp()
) ENGINE=InnoDB DEFAULT CHARSET=utf8mb4 COLLATE=utf8mb4_unicode_ci;

-- --------------------------------------------------------

--
-- Cấu trúc bảng cho bảng `home_images`
--

CREATE TABLE `home_images` (
  `id` int(11) NOT NULL,
  `category_id` int(11) NOT NULL,
  `name` varchar(255) NOT NULL,
  `image` varchar(255) NOT NULL,
  `created_at` timestamp NOT NULL DEFAULT current_timestamp() ON UPDATE current_timestamp(),
  `updated_at` timestamp NULL DEFAULT NULL
) ENGINE=InnoDB DEFAULT CHARSET=utf8mb4 COLLATE=utf8mb4_general_ci;

--
-- Đang đổ dữ liệu cho bảng `home_images`
--

INSERT INTO `home_images` (`id`, `category_id`, `name`, `image`, `created_at`, `updated_at`) VALUES
(1, 1, 'Hình 1', 'banner1.jpg', '2024-01-29 02:27:07', '2024-01-28 19:27:07'),
(2, 1, 'Hình 2', 'banner2.jpg', '2024-01-29 01:57:11', NULL),
(3, 2, 'Hình 3', 'banner3.jpg', '2024-01-29 01:57:15', NULL),
(6, 6, 'Hình 4', 'banner4.jpg', '2024-01-29 02:25:24', '2024-01-28 19:24:49');

-- --------------------------------------------------------

--
-- Cấu trúc bảng cho bảng `medias`
--

CREATE TABLE `medias` (
  `id` int(11) NOT NULL,
  `image` varchar(255) NOT NULL
) ENGINE=InnoDB DEFAULT CHARSET=utf8mb4 COLLATE=utf8mb4_general_ci;

--
-- Đang đổ dữ liệu cho bảng `medias`
--

INSERT INTO `medias` (`id`, `image`) VALUES
(1, 'media-1.jpg\r\n'),
(2, 'media-2.jpg\r\n'),
(3, 'media-3.jpg'),
(8, 'thiem-thu-thach-anh-hong-10x10x8 (3).jpg'),
(9, 'post1-300x166-1.jpg'),
(10, 'nhung-kien-thuc-chung-ve-da-phong-thuy_1_.jpg');

-- --------------------------------------------------------

--
-- Cấu trúc bảng cho bảng `migrations`
--

CREATE TABLE `migrations` (
  `id` int(10) UNSIGNED NOT NULL,
  `migration` varchar(255) NOT NULL,
  `batch` int(11) NOT NULL
) ENGINE=InnoDB DEFAULT CHARSET=utf8mb4 COLLATE=utf8mb4_unicode_ci;

--
-- Đang đổ dữ liệu cho bảng `migrations`
--

INSERT INTO `migrations` (`id`, `migration`, `batch`) VALUES
(1, '2014_10_12_000000_create_users_table', 1),
(2, '2014_10_12_100000_create_password_resets_table', 1),
(3, '2019_08_19_000000_create_failed_jobs_table', 1),
(4, '2018_12_23_120000_create_shoppingcart_table', 2);

-- --------------------------------------------------------

--
-- Cấu trúc bảng cho bảng `news`
--

CREATE TABLE `news` (
  `id` int(11) NOT NULL,
  `name` varchar(255) NOT NULL,
  `image` varchar(255) NOT NULL,
  `description` text DEFAULT NULL,
  `created_at` timestamp NOT NULL DEFAULT current_timestamp() ON UPDATE current_timestamp(),
  `updated_at` timestamp NULL DEFAULT NULL
) ENGINE=InnoDB DEFAULT CHARSET=utf8mb4 COLLATE=utf8mb4_general_ci;

--
-- Đang đổ dữ liệu cho bảng `news`
--

INSERT INTO `news` (`id`, `name`, `image`, `description`, `created_at`, `updated_at`) VALUES
(2, '9 lời dặn phong thủy ai làm được sẽ an nhiên suốt cuộc đời!', 'post1-300x166-1.jpg', '<p data-field=\"sapo\"><strong>9 lời nhắn nhủ của bậc thầy phong thủy dưới đ&acirc;y sẽ gi&uacute;p cuộc sống của bạn trở n&ecirc;n tốt đẹp v&agrave; &yacute; nghĩa hơn.</strong></p>\r\n\r\n<p><b><strong>Phong thủy tốt nhất đời người ch&iacute;nh l&agrave; t&acirc;m của mỗi người!</strong></b></p>\r\n\r\n<p>Con người nếu c&oacute; t&acirc;m, c&oacute; ph&uacute;c, sống tại nơi c&oacute; phong thủy xấu rồi cũng sẽ c&oacute; ng&agrave;y chuyển th&agrave;nh đẹp. Ngược lại, nếu sống tại nơi c&oacute; thế phong thủy đẹp, thế đ&oacute; rồi cũng sẽ tự bị ph&aacute; vỡ.</p>\r\n\r\n<p>N&oacute;i như vậy để thấy rằng, kh&ocirc;ng phải cứ ở nơi c&oacute; phong thủy tốt, cuộc sống của ch&uacute;ng ta khắc sẽ thuận lợi vi&ecirc;n m&atilde;n. Phong thủy tốt hay xấu phụ thuộc v&agrave;o tấm l&ograve;ng, v&agrave;o t&acirc;m đức, ph&uacute;c phận của con người. V&agrave; để c&oacute; được những thứ đ&oacute;, ch&uacute;ng ta cần kh&ocirc;ng ngừng tu dưỡng mỗi ng&agrave;y.</p>\r\n\r\n<p>Nhớ 9 lời dặn của c&aacute;c chuy&ecirc;n gia phong thủy dưới đ&acirc;y, cuộc đời bạn sẽ lu&ocirc;n được an nhi&ecirc;n, vui vẻ!</p>\r\n\r\n<ol>\r\n	<li><b><strong>Học c&aacute;ch cho đi</strong></b></li>\r\n</ol>\r\n\r\n<p>Chớ hy vọng v&agrave;o bất kỳ sự trợ gi&uacute;p kinh tế n&agrave;o từ người kh&aacute;c. Bởi tiền bạc đối với bất cứ ai cũng đều kh&ocirc;ng đủ d&ugrave;ng.</p>\r\n\r\n<ol start=\"2\">\r\n	<li><b><strong>Học c&aacute;ch thấu hiểu</strong></b></li>\r\n</ol>\r\n\r\n<p>Khi bạn b&egrave; gi&uacute;p đỡ ta, đ&oacute; được coi l&agrave; việc thiện, l&agrave; đạo nghĩa. Nhưng c&oacute; l&uacute;c bằng hữu kh&ocirc;ng gi&uacute;p ta cũng l&agrave; điều dễ hiểu, kh&ocirc;ng n&ecirc;n v&igrave; vậy m&agrave; đem l&ograve;ng o&aacute;n hận, cho rằng người đ&oacute; nợ m&igrave;nh.</p>\r\n\r\n<ol start=\"3\">\r\n	<li><b><strong>Học c&aacute;ch ki&ecirc;n cường</strong></b></li>\r\n</ol>\r\n\r\n<p>Bạn phải hiểu r&otilde; một điều, c&oacute; những thời điểm kh&ocirc;ng ai c&oacute; thể gi&uacute;p được bạn, ngoại trừ ch&iacute;nh bản th&acirc;n bạn.</p>\r\n\r\n<p>Cho n&ecirc;n, khiến bản th&acirc;n tự trở n&ecirc;n ki&ecirc;n cường, độc lập, hạnh ph&uacute;c mới l&agrave; việc ban cần l&agrave;m. Bởi suy cho c&ugrave;ng, chỉ c&oacute; bản th&acirc;n mới m&atilde;i ở b&ecirc;n bạn, c&ugrave;ng chịu chung hoạn nạn với bạn.</p>', '2024-02-05 07:54:54', '2024-02-05 00:54:54'),
(3, 'Vị Phật Bản mệnh tuổi Mậu Thân là ai', 'p6-300x169-1.jpg', '<p>Đại Nhật Như Lai Bồ T&aacute;t được ch&uacute;ng sinh s&ugrave;ng b&aacute;i v&igrave; Ng&agrave;i giống như mặt trời ở d&acirc;n gian vậy. C&oacute; Ng&agrave;i, mọi u &aacute;m, sẽ được loại trừ, nguồn s&aacute;ng sẽ chiếu rọi khắp nơi. Nguồn s&aacute;ng ở đ&acirc;y ch&iacute;nh l&agrave; &aacute;nh s&aacute;ng tr&iacute; tuệ, sẽ chiếu s&aacute;ng khắp ph&aacute;p giới. Từ đ&oacute; gi&uacute;p ch&uacute;ng sinh c&oacute; thể mở mang thiện căn của m&igrave;nh. Đem sức m&igrave;nh đi gi&uacute;p đời, tạo n&ecirc;n cơ nghiệp vĩ đại. Ch&iacute;nh v&igrave; vậy Đại nhật Như Lai Bồ T&aacute;t được xem l&agrave; ch&acirc;n l&yacute; của ch&uacute;ng sinh.</p>', '2024-02-05 00:45:21', '2024-02-05 00:45:21'),
(4, '“Bật mí” Ý nghĩa của mỗi loại Vòng đeo tay phong thủy', 'p4-300x169-1.jpg', '<p>C&aacute;c&nbsp;mẫu&nbsp;v&ograve;ng đ&aacute; đeo tay&nbsp;trẻ trung&nbsp;kh&ocirc;ng&nbsp;chỉ l&agrave; m&oacute;n phụ&nbsp;khiếu nại&nbsp;trang sức t&ocirc; điểm cho cổ tay th&ecirc;m&nbsp;sang trọng, hấp dẫn, thể hiện&nbsp;c&aacute;c&nbsp;t&iacute;nh m&agrave; c&ograve;n ẩn chứa&nbsp;đa dạng&nbsp;&yacute; nghĩa phong thuỷ&nbsp;đặc biệt&nbsp;kh&aacute;c.&nbsp;c&ugrave;ng&nbsp;t&igrave;m&nbsp;hiểu &yacute; nghĩa của từng&nbsp;d&ograve;ng&nbsp;v&ograve;ng tay đ&aacute; phong thuỷ được&nbsp;t&igrave;m&nbsp;đeo&nbsp;nhiều&nbsp;nhất&nbsp;hiện tại&nbsp;dưới đ&acirc;y:</p>\r\n\r\n<p>c&aacute;c&nbsp;mẫu&nbsp;v&ograve;ng đ&aacute; đeo tay&nbsp;trẻ trung&nbsp;kh&ocirc;ng&nbsp;chỉ l&agrave; m&oacute;n phụ&nbsp;khiếu nại&nbsp;trang sức t&ocirc; điểm cho cổ tay th&ecirc;m&nbsp;sang trọng, hấp dẫn, thể hiện&nbsp;c&aacute;c&nbsp;t&iacute;nh m&agrave; c&ograve;n ẩn chứa&nbsp;đa dạng&nbsp;&yacute; nghĩa phong thuỷ&nbsp;đặc biệt&nbsp;kh&aacute;c.&nbsp;c&ugrave;ng&nbsp;t&igrave;m&nbsp;hiểu &yacute; nghĩa của từng&nbsp;d&ograve;ng&nbsp;v&ograve;ng tay đ&aacute; phong thuỷ được&nbsp;t&igrave;m&nbsp;đeo&nbsp;nhiều&nbsp;nhất&nbsp;hiện tại&nbsp;dưới đ&acirc;y:</p>', '2024-02-05 07:55:06', '2024-02-05 00:55:06'),
(5, 'Các vị Phật bản mệnh ứng với tuổi của mỗi người', 'p3-300x169-1-1.jpg', '<p>Theo quan niệm t&iacute;n ngưỡng Phật gi&aacute;o th&igrave; Phật bản mệnh gồm c&oacute; 8 vị chủ t&ocirc;n, hay c&ograve;n được gọi l&agrave; Phật hộ th&acirc;n. V&agrave; trải qua nhiều năm lịch sử c&ugrave;ng nhiều yếu tố t&acirc;m linh hội tụ lại th&igrave; c&aacute;c bản t&ocirc;n đ&atilde; ng&agrave;y c&agrave;ng được ch&uacute;ng sinh t&iacute;n phụng. V&agrave; c&aacute;c vị Phật hộ mệnh trở th&agrave;nh thiện thần lu&ocirc;n gắn b&oacute; v&agrave; che chở cho mỗi con gi&aacute;p. Để từ đ&oacute; gi&uacute;p con người giải trừ tai họa, sự nghiệp v&agrave; gia đ&igrave;nh lu&ocirc;n tốt đẹp.</p>\r\n\r\n<p>Theo quan niệm t&iacute;n ngưỡng Phật gi&aacute;o th&igrave; Phật bản mệnh gồm c&oacute; 8 vị chủ t&ocirc;n, hay c&ograve;n được gọi l&agrave; Phật hộ th&acirc;n. V&agrave; trải qua nhiều năm lịch sử c&ugrave;ng nhiều yếu tố t&acirc;m linh hội tụ lại th&igrave; c&aacute;c bản t&ocirc;n đ&atilde; ng&agrave;y c&agrave;ng được ch&uacute;ng sinh t&iacute;n phụng. V&agrave; c&aacute;c vị Phật hộ mệnh trở th&agrave;nh thiện thần lu&ocirc;n gắn b&oacute; v&agrave; che chở cho mỗi con gi&aacute;p. Để từ đ&oacute; gi&uacute;p con người giải trừ tai họa, sự nghiệp v&agrave; gia đ&igrave;nh lu&ocirc;n tốt đẹp.</p>', '2024-02-05 00:48:33', '2024-02-05 00:48:33'),
(6, 'Những kiến thức chung về đá phong thủy', 'nhung-kien-thuc-chung-ve-da-phong-thuy_3_.jpg', '<p><em><strong>Cụm từ &ldquo;đ&aacute; phong thủy&rdquo; c&oacute; thể quen t&ecirc;n v&agrave; quen mặt nhưng kh&ocirc;ng phải ai ai cũng biết r&otilde; về ch&uacute;ng. Dưới đ&acirc;y l&agrave; những kiến thức chung về đ&aacute; phong thủy đ&atilde; được kh&aacute;i qu&aacute;t h&oacute;a, liệt k&ecirc; đầy đủ để bạn đọc t&igrave;m hiểu.</strong></em></p>\r\n\r\n<p>Đ&aacute; phong thủy &ndash; một trong những vật phẩm sở hữu c&ocirc;ng năng lớn lao, c&oacute; thể xoay đổi t&agrave;i vận cho con người. Đ&acirc;y thực sự l&agrave; một kho b&aacute;u hấp dẫn m&agrave; bạn n&ecirc;n gi&agrave;nh thời gian kh&aacute;m ph&aacute; v&agrave; t&igrave;m hiểu.</p>\r\n\r\n<p><strong>Đ&aacute; phong thủy l&agrave; g&igrave;?</strong></p>\r\n\r\n<p>Để được coi l&agrave; đ&aacute; phong thủy th&igrave; những vi&ecirc;n đ&aacute; đ&oacute; phải được xếp hạng qu&yacute; hiếm,&nbsp;<strong><em>thuộc d&ograve;ng đ&aacute; qu&yacute; hoặc ch&iacute; &iacute;t cũng phải l&agrave; đ&aacute; b&aacute;n qu&yacute;</em></strong>. T&aacute;c dụng của ch&uacute;ng l&agrave; c&oacute; sức mạnh xua đuổi vận hạn, l&agrave;m tăng vượng kh&iacute; cho chủ nh&acirc;n sở hữu.</p>\r\n\r\n<p><img alt=\"Đường vân đẹp hiếm có, khó tìm của viên đá mã não – Cả một thế giới đại dương thu nhỏ trong viên đá quý.\" src=\"http://localhost/e-commerce_brightstar/public/admin/uploads/images/nhung-kien-thuc-chung-ve-da-phong-thuy_1_.jpg\" style=\"width: 1400px; height: 919px;\" /></p>\r\n\r\n<p>&nbsp;</p>\r\n\r\n<p>&nbsp;</p>', '2024-02-05 07:59:05', '2024-02-05 00:59:05'),
(7, 'Đá phong thủy là gì? Công dụng của đá phong thủy như thế nào?', 'da-phong-thuy.jpg', '<p>Đ&aacute; Phong Thủy l&agrave; g&igrave;?</p>\r\n\r\n<p>Đ&aacute; phong thủy bản chất l&agrave; đ&aacute; tự nhi&ecirc;n, về phương diện phong thủy, ch&uacute;ng đem lại vượng kh&iacute;, t&agrave;i lộc, may mắn cho người sử dụng. Thế nhưng, để ph&aacute;t huy được khả năng phong thủy thần diệu n&agrave;y th&igrave; phải l&agrave; c&aacute;c loại đ&aacute; qu&yacute; v&agrave; b&aacute;n qu&yacute;, chứ kh&ocirc;ng phải bất kỳ loại đ&aacute; n&agrave;o cũng được. Kh&aacute;i niệm về đ&aacute; qu&yacute; v&agrave; đ&aacute; b&aacute;n qu&yacute;, c&aacute;c bạn c&oacute; thể t&igrave;m hiểu cụ thể hơn tại đ&acirc;y.</p>\r\n\r\n<h3>C&aacute;c loại đ&aacute; phong thủy</h3>\r\n\r\n<p>Tr&ecirc;n thế giới hiện nay phổ biến nhất l&agrave; đ&aacute; thạch anh, đ&aacute; mắt hổ, đ&aacute; m&atilde; n&atilde;o, ngọc cẩm thạch, đ&aacute; ruby, ngọc b&iacute;ch, phỉ th&uacute;y, đ&aacute; Hematite&hellip;</p>\r\n\r\n<p><strong>&ndash; Đ&aacute; thạch anh:</strong></p>\r\n\r\n<p><strong>&ndash; Đ&aacute; mắt hổ:</strong></p>\r\n\r\n<p><strong>&ndash; Đ&aacute; m&atilde; n&atilde;o:</strong></p>\r\n\r\n<h3>Nguy&ecirc;n nh&acirc;n c&aacute;c loại đ&aacute; kể tr&ecirc;n lại c&oacute; &yacute; nghĩa trong phong thủy</h3>\r\n\r\n<p>Trải qua h&agrave;ng triệu năm h&igrave;nh th&agrave;nh v&agrave; t&iacute;ch tụ linh kh&iacute; thi&ecirc;n địa, đ&aacute; phong thủy ẩn chứa một nguồn năng lượng v&ocirc; c&ugrave;ng mạnh mẽ.</p>\r\n\r\n<h2>V&ograve;ng tay Đ&aacute; Phong Thủy c&oacute; những t&aacute;c dụng g&igrave;?</h2>\r\n\r\n<p>Hầu hết những loại đ&aacute; phong thủy l&uacute;c được chế tạo ra đồ trang sức đều mang c&aacute;c t&aacute;c dụng v&agrave; lợi &iacute;ch tuyệt vời cho chủ nh&acirc;n, v&iacute; dụ như mang tới may mắn, cầu t&agrave;i lộc, gi&uacute;p cho việc l&agrave;m ăn kinh doanh ng&agrave;y c&agrave;ng ph&aacute;t triển v&agrave; thịnh vượng.</p>\r\n\r\n<p>Trong đ&oacute; từng loại đ&aacute; sẽ mang tới c&aacute;c c&ocirc;ng dụng ri&ecirc;ng đ&aacute;ng kể hơn phụ thuộc v&agrave;o t&iacute;nh chất, m&agrave;u sắc của vi&ecirc;n đ&aacute; đ&oacute;. V&iacute; dụ đ&aacute; m&agrave;u hồng mang tới nguồn năng lượng tốt cho t&igrave;nh y&ecirc;u v&agrave; h&ocirc;n nh&acirc;n, gi&uacute;p người đeo được qu&yacute; mến hơn, đ&aacute; m&agrave;u v&agrave;ng gi&uacute;p n&acirc;ng cao sự tập trung, tốt cho hệ ti&ecirc;u h&oacute;a v&agrave; dạ d&agrave;y, đ&aacute; m&agrave;u trắng gi&uacute;p loại bỏ sự &aacute;p lực, đ&aacute; m&agrave;u đen tốt cho hệ tim mạch v&agrave; thần kinh, đ&aacute; m&agrave;u t&iacute;m ngăn chặn những nguồn năng lượng ti&ecirc;u cực.</p>\r\n\r\n<p>Gi&uacute;p người gi&agrave; trị bệnh mất ngủ v&agrave; n&acirc;ng cao tuổi thọ.</p>\r\n\r\n<p>Đặt v&ograve;ng đ&aacute; phong thủy ở đầu giường hoặc dưới cuối ch&acirc;n giường để giảm c&aacute;c cơn &aacute;c mộng hoặc hiện tượng b&oacute;ng đ&egrave;.</p>\r\n\r\n<p>Những người thường c&oacute; triệu chứng đau đầu c&oacute; thế lấy chiếc v&ograve;ng đ&aacute; phong thủy ch&agrave; l&ecirc;n tr&aacute;n, sau 20 ph&uacute;t sẽ thấy cơn đau đầu thuy&ecirc;n giảm.</p>\r\n\r\n<p>B&ecirc;n cạnh đ&oacute;, nhờ sự chế t&aacute;c tinh xảo, đ&aacute; phong thủy trở th&agrave;nh một vật phẩm trang sức, t&ocirc;n th&ecirc;m vẻ đẹp cho chủ nh&acirc;n.</p>\r\n\r\n<h2>Sử dụng V&ograve;ng Đ&aacute; Phong Thủy như thế n&agrave;o để mang lại hiệu quả nhất?</h2>\r\n\r\n<p>Mặc d&ugrave; c&oacute; nhiều c&ocirc;ng dụng rất tốt cho người đeo nhưng việc sử dụng đ&aacute; phong thủy tuyệt đối kh&ocirc;ng thể t&ugrave;y tiện. Sử dụng đ&aacute; phong thủy đ&uacute;ng c&aacute;ch mới gi&uacute;p bạn nhận được những lợi &iacute;ch của n&oacute;, tr&aacute;i lại d&ugrave;ng sai c&aacute;ch c&oacute; thể mang đến nhiều điều xấu. Để sử dụng đ&aacute; phong thủy đ&uacute;ng c&aacute;ch, h&atilde;y lựa chọn m&agrave;u sắc ph&ugrave; hợp với bản mệnh của người đeo (theo năm sinh v&agrave; giới t&iacute;nh) dựa theo quy luật tương sinh tương khắc của Ngũ h&agrave;nh.</p>\r\n\r\n<p>Theo đ&oacute;, mỗi mệnh (Kim, Mộc, Thủy, Hỏa, Thổ) đều c&oacute; 4 nh&oacute;m m&agrave;u: Tương sinh, Tương hợp, M&agrave;u khắc chế v&agrave; M&agrave;u bị khắc chế. Trong đ&oacute; nh&oacute;m m&agrave;u sắc tốt nhất cho người đeo l&agrave; c&aacute;c m&agrave;u Tương sinh, kế đến l&agrave; Tương hợp. M&agrave;u khắc chế vẫn c&oacute; thể d&ugrave;ng được nhưng m&agrave;u bị khắc chế th&igrave; cần tuyệt đối kh&ocirc;ng sử dụng. T&oacute;m lại, để đạt c&ocirc;ng dụng phong thủy tối đa, h&atilde;y chọn những loại đ&aacute; phong thủy c&oacute; c&aacute;c m&agrave;u Tương sinh với bản mệnh của bạn.</p>', '2024-02-05 08:09:51', '2024-02-05 01:09:51'),
(8, 'Rước họa vào thân khi chơi đá phong thủy không đúng', 'da-nhuom.jpg', '<p><strong><em>Sử dụng đ&aacute; phong thủy kh&ocirc;ng phải l&agrave; chuyện đ&ugrave;a, đeo v&agrave; sử dụng lung tung c&oacute; thể sẽ rước họa v&agrave;o th&acirc;n!&nbsp;C&aacute;c bạn nghĩ chỉ cần đeo đ&aacute; đ&uacute;ng mệnh sẽ c&oacute; sinh lực v&ocirc; bi&ecirc;n, ph&uacute; qu&yacute; v&ocirc; tận, vạn sự may mắn? Điều đ&oacute; kh&ocirc;ng ch&iacute;nh x&aacute;c. Rất nhiều bạn trẻ nổi l&ecirc;n phong tr&agrave;o b&aacute;n đ&aacute; rồi tự nhận m&igrave;nh l&agrave; chuy&ecirc;n gia đ&aacute;, chuy&ecirc;n gia tư vấn khiến kh&aacute;ch h&agrave;ng đang bị nhiều th&ocirc;ng tin.</em></strong></p>', '2024-02-05 01:00:45', '2024-02-05 01:00:45'),
(9, 'Đặt 5 đồ vật này trong nhà, Thần Tài ưng ý, làm gì cũng vượng', 'dat-5-do-vat-nay-trong-nha-than-tai-ung-y-lam-gi-cung-vuong.jpg', '<p>Với những nh&agrave; kinh doanh, nh&agrave; đầu tư nếu muốn tăng t&agrave;i lộc, tốt về lộc đất, th&igrave; n&ecirc;n đặt những miếng ngọc b&ecirc;n ph&iacute;a tay tr&aacute;i của tượng.</p>\r\n\r\n<p>Sử dụng tiền xu</p>\r\n\r\n<p>Trong phong thủy khi bạn sử dụng những đồng tiền xu được sử dụng trong phong thủy sẽ h&uacute;t t&agrave;i lộc v&agrave;o nh&agrave;, bởi x&acirc;u tiền biểu tượng của &acirc;m dương. Đặc biệt nếu tr&ecirc;n mặt đồng tiền mặt được chạm khắc rồng th&igrave; đồng tiền c&agrave;ng h&uacute;t lộc. Ngo&agrave;i ra, tiền h&igrave;nh trọn tượng trưng cho Thi&ecirc;n, ở giữa c&oacute; lỗ vu&ocirc;ng tượng trưng cho Địa. Theo phong thủy, để mang lại vận kh&iacute; tốt cho sự nghiệp, gia chủ n&ecirc;n b&agrave;y ba đồng xu ở ph&iacute;a b&ecirc;n tr&aacute;i ban thờ.</p>\r\n\r\n<p>Miếng ngọc b&iacute;ch</p>\r\n\r\n<p>Theo thuật phong thủy th&igrave; những miếng ngọc b&iacute;ch c&oacute; t&aacute;&zwnj;c dụng h&uacute;t t&agrave;i lộc v&agrave;o nh&agrave; v&agrave; mang lại may mắn cho c&aacute;&zwnj;c bạn trong đường c&ocirc;ng danh sự nghiệp được hanh th&ocirc;ng. Với những nh&agrave; kinh doanh, nh&agrave; đầu tư nếu muốn tăng t&agrave;i lộc, tốt về lộc đất, th&igrave; n&ecirc;n đặt những miếng ngọc b&ecirc;n ph&iacute;a tay tr&aacute;i của tượng Thần Phật như Ngọc Ho&agrave;ng, Quan Thế &Acirc;m&hellip;</p>\r\n\r\n<p>Tượng Phật Di Lạc</p>\r\n\r\n<p>Khi trong nh&agrave; gia chủ c&oacute; đặt tượng Phật Di Lặc c&oacute; chiếc bụng lớn chứa đầy của cải, t&agrave;i lộc v&agrave; nụ cười hồn hậu sẽ mang tới sự may mắn cho gia chủ. Những người l&agrave;m kinh doanh bu&ocirc;n b&aacute;n thường đặt tượng Phật Di Lạc trong nh&agrave; m&igrave;nh để mong sự may mắn ph&uacute;c hậu của ng&agrave;i sẽ gi&uacute;p cho c&ocirc;ng việc l&agrave;m ăn được như &yacute; ph&zwnj;&aacute;t t&agrave;i.</p>\r\n\r\n<p>C&oacute;c ba ch&acirc;n ngậm tiền v&agrave;ng</p>\r\n\r\n<p>Theo phong thủy, gia chủ c&oacute; thể h&uacute;t nhiều t&agrave;i lộc v&agrave;o nh&agrave; bằng c&aacute;ch sử dụng c&oacute;c ba ch&acirc;n ngậm một đồng xu trong miệng. Linh vật tốt l&agrave;nh n&agrave;y sẽ gi&uacute;p mang may mắn v&agrave;o nh&agrave; .</p>\r\n\r\n<p>Khi đặt c&oacute;c t&agrave;i lộc, gia chủ c&oacute; thể đặt ở bất kỳ g&oacute;c n&agrave;o đối diện với cửa trước của nh&agrave; để c&oacute; hiệu quả tốt nhất. Tốt nhất, n&ecirc;n đặt một con c&oacute;c hướng ra ngo&agrave;i để thu tiền v&agrave; một con quay v&agrave;o trong để mang tiền v&agrave;o nh&agrave;.</p>\r\n\r\n<p>Thuyền buồm phong thủy biểu tượng cho sự gi&agrave;u c&oacute;</p>\r\n\r\n<p>Theo nhiều c&acirc;u chuyện từ xa xưa, trở về sau những cuộc chinh phạt kh&aacute;&zwnj;c nhau, c&aacute;&zwnj;c con t&agrave;u mang đầy ắp của cải, đồ đạc cập bến cảng với sự reo h&ograve; của rất nhiều người. Cũng v&igrave; thế, con t&agrave;u mang đến h&igrave;nh ảnh việc chở đầy của cải, biểu tượng của sự gi&agrave;u c&oacute;, sung t&uacute;c.</p>\r\n\r\n<p>Tranh phong thủy</p>\r\n\r\n<p>Khi trong nh&agrave; bạn c&oacute; sử dụng phong thủy trong nh&agrave; đ&uacute;ng c&aacute;ch sẽ gi&uacute;p cho gia đ&igrave;nh bạn lu&ocirc;n gặp nhiều may mắn, h&uacute;t tiền bạ&zwnj;c v&agrave;o nh&agrave;, c&ocirc;ng việc l&agrave;m ăn thuận lợi tiền bạ&zwnj;c cứ thế chảy v&agrave;o nh&agrave;.</p>\r\n\r\n<p>Những bứ&zwnj;c tranh phong thủy được b&agrave;y ở bứ&zwnj;c tường ph&iacute;a sau b&agrave;n l&agrave;m việc gi&uacute;p tăng cường năng lượng, chống đỡ cho mọi người vượt qua mọi kh&oacute; khăn trong cuộc sống v&agrave; c&ocirc;ng việc l&agrave;m ăn. Trong qu&aacute; tr&igrave;nh sử dụng tranh phong thủy treo tường cần ch&uacute; &yacute; đến vấn đ&zwnj;ề hợp mệnh để tr&aacute;nh tạo n&ecirc;n hung kị kh&ocirc;ng mong muốn c&oacute; thể xảy ra với gia chủ.</p>', '2024-02-05 08:01:31', '2024-02-05 01:01:31');

-- --------------------------------------------------------

--
-- Cấu trúc bảng cho bảng `orders`
--

CREATE TABLE `orders` (
  `id` int(11) NOT NULL,
  `code` varchar(255) NOT NULL,
  `customer_id` int(11) NOT NULL,
  `order_date` date NOT NULL,
  `total` int(11) NOT NULL,
  `subtotal` int(11) NOT NULL,
  `status` int(11) NOT NULL COMMENT '0: Chờ xác nhận\r\n1: Đã xác nhận\r\n2: Đang giao hàng\r\n3. Đã giao hàng\r\n4. Hủy đơn hàng',
  `payment` varchar(255) NOT NULL,
  `created_at` timestamp NOT NULL DEFAULT current_timestamp() ON UPDATE current_timestamp(),
  `updated_at` timestamp NULL DEFAULT NULL
) ENGINE=InnoDB DEFAULT CHARSET=utf8mb4 COLLATE=utf8mb4_general_ci;

--
-- Đang đổ dữ liệu cho bảng `orders`
--

INSERT INTO `orders` (`id`, `code`, `customer_id`, `order_date`, `total`, `subtotal`, `status`, `payment`, `created_at`, `updated_at`) VALUES
(1, '954182', 1, '2024-01-29', 3920000, 3920000, 0, 'Chuyển khoản ngân hàng', '2024-01-29 04:34:02', '2024-01-28 21:10:29'),
(2, '740927', 2, '2024-01-29', 14420000, 14420000, 3, 'Chuyển khoản ngân hàng', '2024-02-05 03:14:07', '2024-02-04 20:14:07'),
(3, '424010', 3, '2024-01-29', 21000000, 21000000, 4, 'Chuyển khoản ngân hàng', '2024-02-05 02:42:47', '2024-02-04 19:42:47'),
(4, '627778', 4, '2024-02-05', 4410000, 4410000, 0, 'Trả tiền mặt khi nhận hàng', '2024-02-04 21:28:50', '2024-02-04 21:28:50'),
(5, '286438', 5, '2024-02-05', 683100, 683100, 0, 'Trả tiền mặt khi nhận hàng', '2024-02-04 21:36:35', '2024-02-04 21:36:35'),
(6, '565734', 6, '2024-02-05', 683100, 683100, 0, 'Trả tiền mặt khi nhận hàng', '2024-02-04 21:38:26', '2024-02-04 21:38:26'),
(7, '183379', 7, '2024-02-05', 3141000, 3141000, 0, 'Trả tiền mặt khi nhận hàng', '2024-02-04 21:39:11', '2024-02-04 21:39:11'),
(8, '539642', 8, '2024-02-06', 90000000, 90000000, 0, 'Chờ xác thức phương thức thanh toán', '2024-02-05 18:42:23', '2024-02-05 18:42:23'),
(9, '801752', 9, '2024-02-06', 94410000, 94410000, 0, 'Trả tiền mặt khi nhận hàng', '2024-02-05 18:45:52', '2024-02-05 18:45:52'),
(10, '195324', 10, '2024-02-06', 9000000, 9000000, 0, 'Chờ xác thức phương thức thanh toán', '2024-02-05 19:02:56', '2024-02-05 19:02:56');

-- --------------------------------------------------------

--
-- Cấu trúc bảng cho bảng `order_details`
--

CREATE TABLE `order_details` (
  `id` int(11) NOT NULL,
  `order_id` int(11) NOT NULL,
  `product_id` int(11) NOT NULL,
  `qty` int(11) NOT NULL,
  `price` int(11) NOT NULL,
  `created_at` timestamp NOT NULL DEFAULT current_timestamp() ON UPDATE current_timestamp(),
  `updated_at` timestamp NULL DEFAULT NULL
) ENGINE=InnoDB DEFAULT CHARSET=utf8mb4 COLLATE=utf8mb4_general_ci;

--
-- Đang đổ dữ liệu cho bảng `order_details`
--

INSERT INTO `order_details` (`id`, `order_id`, `product_id`, `qty`, `price`, `created_at`, `updated_at`) VALUES
(1, 1, 3, 1, 3920000, '2024-01-28 21:10:29', '2024-01-28 21:10:29'),
(2, 2, 1, 1, 6000000, '2024-01-28 23:40:26', '2024-01-28 23:40:26'),
(3, 2, 2, 1, 4500000, '2024-01-28 23:40:26', '2024-01-28 23:40:26'),
(4, 2, 3, 1, 3920000, '2024-01-28 23:40:26', '2024-01-28 23:40:26'),
(5, 3, 2, 2, 4500000, '2024-01-29 02:01:04', '2024-01-29 02:01:04'),
(6, 3, 1, 2, 6000000, '2024-01-29 02:01:04', '2024-01-29 02:01:04'),
(7, 4, 35, 1, 4410000, '2024-02-04 21:28:50', '2024-02-04 21:28:50'),
(8, 5, 31, 1, 683100, '2024-02-04 21:36:35', '2024-02-04 21:36:35'),
(9, 6, 31, 1, 683100, '2024-02-04 21:38:26', '2024-02-04 21:38:26'),
(10, 7, 38, 1, 3141000, '2024-02-04 21:39:11', '2024-02-04 21:39:11'),
(11, 8, 8, 10, 9000000, '2024-02-05 18:42:23', '2024-02-05 18:42:23'),
(12, 9, 35, 1, 4410000, '2024-02-05 18:45:52', '2024-02-05 18:45:52'),
(13, 9, 8, 10, 9000000, '2024-02-05 18:45:52', '2024-02-05 18:45:52'),
(14, 10, 2, 2, 4500000, '2024-02-05 19:02:56', '2024-02-05 19:02:56');

-- --------------------------------------------------------

--
-- Cấu trúc bảng cho bảng `password_resets`
--

CREATE TABLE `password_resets` (
  `email` varchar(255) NOT NULL,
  `token` varchar(255) NOT NULL,
  `created_at` timestamp NULL DEFAULT NULL
) ENGINE=InnoDB DEFAULT CHARSET=utf8mb4 COLLATE=utf8mb4_unicode_ci;

-- --------------------------------------------------------

--
-- Cấu trúc bảng cho bảng `products`
--

CREATE TABLE `products` (
  `id` int(11) NOT NULL,
  `category_id` int(11) NOT NULL,
  `alias` varchar(255) NOT NULL,
  `name` varchar(255) NOT NULL,
  `image` varchar(255) DEFAULT NULL,
  `summary` text DEFAULT NULL,
  `description` text DEFAULT NULL,
  `qty` int(11) NOT NULL,
  `price` int(11) NOT NULL,
  `price_sale` int(11) NOT NULL,
  `discount` int(11) NOT NULL DEFAULT 0,
  `view` int(11) NOT NULL DEFAULT 0,
  `created_at` timestamp NOT NULL DEFAULT current_timestamp() ON UPDATE current_timestamp(),
  `updated_at` timestamp NULL DEFAULT NULL
) ENGINE=InnoDB DEFAULT CHARSET=utf8mb4 COLLATE=utf8mb4_general_ci;

--
-- Đang đổ dữ liệu cho bảng `products`
--

INSERT INTO `products` (`id`, `category_id`, `alias`, `name`, `image`, `summary`, `description`, `qty`, `price`, `price_sale`, `discount`, `view`, `created_at`, `updated_at`) VALUES
(1, 1, 'chuot-vang-khung-keo-bap-cai-xanh-ftm001', 'Chuột vàng khủng kéo bắp cải xanh FTM001', 'product-1.jpg', '<p>+ Chất liệu v&agrave; ho&agrave;n thiện: Tượng chuột k&eacute;o bắp cải xanh bột đ&aacute; mạ v&agrave;ng cao cấp (tại Việt Nam).<br />\r\n+ K&iacute;ch thước (d&agrave;i x rộng x cao): 43cm x 20cm x 40cm<br />\r\n+ Khối lượng: 5.9Kg<br />\r\n+ &Yacute; nghĩa: Đời đời ph&aacute;t t&agrave;i &ndash; Chuột trong phong thuỷ mang lại vận kh&iacute; tốt đẹp, mang &yacute; nghĩa dư đầy v&agrave; sung t&uacute;c, chuột l&agrave; biểu tượng của sự nhanh nhẹn, nhạy b&eacute;n, gi&uacute;p cải thiện cuộc sống theo hướng t&iacute;ch cực&hellip;<br />\r\n+ C&aacute;ch sử dụng: trưng b&agrave;y b&agrave;n l&agrave;m việc, cửa h&agrave;ng, ph&ograve;ng kh&aacute;ch,&hellip;</p>', '<p>+ Chất liệu v&agrave; ho&agrave;n thiện: Tượng chuột k&eacute;o bắp cải xanh bột đ&aacute; mạ v&agrave;ng cao cấp (tại Việt Nam).<br />\r\n+ K&iacute;ch thước (d&agrave;i x rộng x cao): 43cm x 20cm x 40cm<br />\r\n+ Khối lượng: 5.9Kg<br />\r\n+ &Yacute; nghĩa: Đời đời ph&aacute;t t&agrave;i &ndash; Chuột trong phong thuỷ mang lại vận kh&iacute; tốt đẹp, mang &yacute; nghĩa dư đầy v&agrave; sung t&uacute;c, chuột l&agrave; biểu tượng của sự nhanh nhẹn, nhạy b&eacute;n, gi&uacute;p cải thiện cuộc sống theo hướng t&iacute;ch cực&hellip;<br />\r\n+ C&aacute;ch sử dụng: trưng b&agrave;y b&agrave;n l&agrave;m việc, cửa h&agrave;ng, ph&ograve;ng kh&aacute;ch,&hellip;</p>', 100, 6000000, 6000000, 0, 0, '2024-01-26 00:13:22', '2024-01-26 00:13:22'),
(2, 1, 'chuot-vang-tren-mau-don-om-ho-lo-ftm002', 'Chuột vàng trên mẫu đơn ôm hồ lô FTM002', 'product-2.jpg', '<p>+ Chất liệu v&agrave; ho&agrave;n thiện: Tượng chuột (T&yacute;) bột đ&aacute; mạ v&agrave;ng cao cấp (tại Việt Nam).<br />\r\n+ K&iacute;ch thước (d&agrave;i x rộng x cao): 33cm x 20cm x 36cm<br />\r\n+ Khối lượng: 2.8Kg<br />\r\n+ &Yacute; nghĩa: Cầm Chuột Nạp Phước &ndash; Chuột trong phong thuỷ mang lại vận kh&iacute; tốt đẹp, mang &yacute; nghĩa dư đầy v&agrave; sung t&uacute;c, chuột l&agrave; biểu tượng của sự nhanh nhẹn, nhạy b&eacute;n, gi&uacute;p cải thiện cuộc sống theo hướng t&iacute;ch cực&hellip;<br />\r\n+ C&aacute;ch sử dụng: trưng b&agrave;y b&agrave;n l&agrave;m việc, cửa h&agrave;ng, ph&ograve;ng kh&aacute;ch,&hellip;</p>', '<p>+ Chất liệu v&agrave; ho&agrave;n thiện: Tượng chuột (T&yacute;) bột đ&aacute; mạ v&agrave;ng cao cấp (tại Việt Nam).<br />\r\n+ K&iacute;ch thước (d&agrave;i x rộng x cao): 33cm x 20cm x 36cm<br />\r\n+ Khối lượng: 2.8Kg<br />\r\n+ &Yacute; nghĩa: Cầm Chuột Nạp Phước &ndash; Chuột trong phong thuỷ mang lại vận kh&iacute; tốt đẹp, mang &yacute; nghĩa dư đầy v&agrave; sung t&uacute;c, chuột l&agrave; biểu tượng của sự nhanh nhẹn, nhạy b&eacute;n, gi&uacute;p cải thiện cuộc sống theo hướng t&iacute;ch cực&hellip;<br />\r\n+ C&aacute;ch sử dụng: trưng b&agrave;y b&agrave;n l&agrave;m việc, cửa h&agrave;ng, ph&ograve;ng kh&aacute;ch,&hellip;</p>', 100, 5000000, 4500000, 10, 0, '2024-01-26 00:17:30', '2024-01-26 00:17:30'),
(3, 1, 'chuot-ngoc-cam-tren-mau-don-om-ho-lo-ftm003', 'Chuột ngọc cam trên mẫu đơn ôm hồ lô FTM003', 'product-3.jpg', '<p>+ Chất liệu v&agrave; ho&agrave;n thiện: Tượng chuột (T&yacute;) bột đ&aacute; m&agrave;u cao cấp (tại Việt Nam).<br />\r\n+ K&iacute;ch thước (d&agrave;i x rộng x cao): 33cm x 20cm x 36cm<br />\r\n+ Khối lượng: 3.9Kg<br />\r\n+ &Yacute; nghĩa: Cầm Chuột Nạp Phước &ndash; Chuột trong phong thuỷ mang lại vận kh&iacute; tốt đẹp, mang &yacute; nghĩa dư đầy v&agrave; sung t&uacute;c, chuột l&agrave; biểu tượng của sự nhanh nhẹn, nhạy b&eacute;n, gi&uacute;p cải thiện cuộc sống theo hướng t&iacute;ch cực&hellip;<br />\r\n+ C&aacute;ch sử dụng: trưng b&agrave;y b&agrave;n l&agrave;m việc, cửa h&agrave;ng, ph&ograve;ng kh&aacute;ch,&hellip;</p>', '<p>+ Chất liệu v&agrave; ho&agrave;n thiện: Tượng chuột (T&yacute;) bột đ&aacute; m&agrave;u cao cấp (tại Việt Nam).<br />\r\n+ K&iacute;ch thước (d&agrave;i x rộng x cao): 33cm x 20cm x 36cm<br />\r\n+ Khối lượng: 3.9Kg<br />\r\n+ &Yacute; nghĩa: Cầm Chuột Nạp Phước &ndash; Chuột trong phong thuỷ mang lại vận kh&iacute; tốt đẹp, mang &yacute; nghĩa dư đầy v&agrave; sung t&uacute;c, chuột l&agrave; biểu tượng của sự nhanh nhẹn, nhạy b&eacute;n, gi&uacute;p cải thiện cuộc sống theo hướng t&iacute;ch cực&hellip;<br />\r\n+ C&aacute;ch sử dụng: trưng b&agrave;y b&agrave;n l&agrave;m việc, cửa h&agrave;ng, ph&ograve;ng kh&aacute;ch,&hellip;</p>', 100, 4900000, 3920000, 20, 0, '2024-01-26 00:20:14', '2024-01-26 00:20:14'),
(4, 1, 'chuot-do-tren-dong-vang-ftm004', 'Chuột đỏ trên đống vàng FTM004', 'product-4.jpg', '<p>+ Chất liệu v&agrave; ho&agrave;n thiện: Tượng chuột (T&yacute;) bột đ&aacute; m&agrave;u cao cấp (tại Việt Nam).<br />\r\n+ K&iacute;ch thước (d&agrave;i x rộng x cao): 32cm x 20cm x 38cm<br />\r\n+ Khối lượng: 3.2Kg<br />\r\n+ &Yacute; nghĩa: Đời Đời Hữu T&agrave;i &ndash; Chuột trong phong thuỷ mang lại vận kh&iacute; tốt đẹp, mang &yacute; nghĩa dư đầy v&agrave; sung t&uacute;c, chuột l&agrave; biểu tượng của sự nhanh nhẹn, nhạy b&eacute;n, gi&uacute;p cải thiện cuộc sống theo hướng t&iacute;ch cực&hellip;<br />\r\n+ C&aacute;ch sử dụng: trưng b&agrave;y b&agrave;n l&agrave;m việc, cửa h&agrave;ng, ph&ograve;ng kh&aacute;ch,&hellip;</p>', '<p>+ Chất liệu v&agrave; ho&agrave;n thiện: Tượng chuột (T&yacute;) bột đ&aacute; m&agrave;u cao cấp (tại Việt Nam).<br />\r\n+ K&iacute;ch thước (d&agrave;i x rộng x cao): 32cm x 20cm x 38cm<br />\r\n+ Khối lượng: 3.2Kg<br />\r\n+ &Yacute; nghĩa: Đời Đời Hữu T&agrave;i &ndash; Chuột trong phong thuỷ mang lại vận kh&iacute; tốt đẹp, mang &yacute; nghĩa dư đầy v&agrave; sung t&uacute;c, chuột l&agrave; biểu tượng của sự nhanh nhẹn, nhạy b&eacute;n, gi&uacute;p cải thiện cuộc sống theo hướng t&iacute;ch cực&hellip;<br />\r\n+ C&aacute;ch sử dụng: trưng b&agrave;y b&agrave;n l&agrave;m việc, cửa h&agrave;ng, ph&ograve;ng kh&aacute;ch,&hellip;</p>', 100, 4600000, 4600000, 0, 0, '2024-01-26 00:21:45', '2024-01-26 00:21:45'),
(5, 1, 'de-vang-tren-da-fh074g', 'Dê vàng trên đá FH074G', 'product-5.jpg', '<p>+ Chất liệu v&agrave; ho&agrave;n thiện: D&ecirc; v&agrave;ng tr&ecirc;n tảng đ&aacute; mạ v&agrave;ng non ((tại Việt Nam))<br />\r\n+ K&iacute;ch thước (d&agrave;i x rộng x cao): 8.5cm x 6cm x 13cm<br />\r\n+ Khối lượng: 350g<br />\r\n+ &Yacute; nghĩa: D&ecirc; v&agrave;ng tr&ecirc;n đ&aacute; &ndash; Danh dương chi&ecirc;u t&agrave;i biểu tượng của t&iacute;nh &ocirc;n h&ograve;a, gi&uacute;p người sử dụng lu&ocirc;n giữ được sự điềm đạm, tĩnh t&acirc;m, tốt cho c&aacute;c mối quan hệ giao tiếp. Ngo&agrave;i ra c&ograve;n thu h&uacute;t vận may, mang lại t&agrave;i lộc bất ngờ, h&oacute;a giải vận rủi. Hợp tuổi Hợi, Mẹo, Ngọ.<br />\r\n+ C&aacute;ch sử dụng: đặt ph&ograve;ng kh&aacute;ch, ph&ograve;ng l&agrave;m việc, cửa h&agrave;ng kinh doanh.</p>', '<p>+ Chất liệu v&agrave; ho&agrave;n thiện: D&ecirc; v&agrave;ng tr&ecirc;n tảng đ&aacute; mạ v&agrave;ng non ((tại Việt Nam))<br />\r\n+ K&iacute;ch thước (d&agrave;i x rộng x cao): 8.5cm x 6cm x 13cm<br />\r\n+ Khối lượng: 350g<br />\r\n+ &Yacute; nghĩa: D&ecirc; v&agrave;ng tr&ecirc;n đ&aacute; &ndash; Danh dương chi&ecirc;u t&agrave;i biểu tượng của t&iacute;nh &ocirc;n h&ograve;a, gi&uacute;p người sử dụng lu&ocirc;n giữ được sự điềm đạm, tĩnh t&acirc;m, tốt cho c&aacute;c mối quan hệ giao tiếp. Ngo&agrave;i ra c&ograve;n thu h&uacute;t vận may, mang lại t&agrave;i lộc bất ngờ, h&oacute;a giải vận rủi. Hợp tuổi Hợi, Mẹo, Ngọ.<br />\r\n+ C&aacute;ch sử dụng: đặt ph&ograve;ng kh&aacute;ch, ph&ograve;ng l&agrave;m việc, cửa h&agrave;ng kinh doanh.</p>', 100, 800000, 800000, 0, 0, '2024-01-26 00:23:03', '2024-01-26 00:23:03'),
(6, 1, 'chuoi-ma-nao-rong-bien-16li-fs6450', 'Chuỗi mã não rong biển 16li FS6450', 'product-6.jpg', '<p>&Yacute; nghĩa: trang sức phong thủy đ&aacute; m&atilde; n&atilde;o rong biển l&agrave;m cho người d&ugrave;ng trở n&ecirc;n dễ mến trong giao tiếp v&agrave; biết ăn n&oacute;i, cũng như bảo vệ chủ chống lại kẻ th&ugrave; th&acirc;m độc.mang may mắn về t&agrave;i lộc<br />\r\n+ C&aacute;ch sử dụng: v&ograve;ng chuỗi đeo tay</p>', '<p>+ Chất liệu v&agrave; ho&agrave;n thiện: Chuỗi đ&aacute; m&atilde; n&atilde;o rong biển (tại Việt Nam)<br />\r\n+ K&iacute;ch thước : Chuỗi 16li, 13bi.<br />\r\n+ Khối lượng: 56gr<br />\r\n+ &Yacute; nghĩa: trang sức phong thủy đ&aacute; m&atilde; n&atilde;o rong biển l&agrave;m cho người d&ugrave;ng trở n&ecirc;n dễ mến trong giao tiếp v&agrave; biết ăn n&oacute;i, cũng như bảo vệ chủ chống lại kẻ th&ugrave; th&acirc;m độc.mang may mắn về t&agrave;i lộc<br />\r\n+ C&aacute;ch sử dụng: v&ograve;ng chuỗi đeo tay</p>', 100, 3500000, 2800000, 20, 0, '2024-01-26 00:24:27', '2024-01-26 00:24:27'),
(7, 1, 'coc-xanh-tren-dao-mau-don-fc057a', 'Cóc xanh trên đảo mẫu đơn FC057A', 'FC057A-1-420x350-1.jpg', '<p>+ &Yacute; nghĩa: Vượng T&agrave;i Tứ Qu&yacute;- mang &yacute; nghĩa giữ v&agrave; nhả t&agrave;i lộc cho gia chủ, trấn giữ t&agrave;i lộc, tr&aacute;nh thất tho&aacute;t, t&agrave;i lộc sinh s&ocirc;i thịnh vượng, mang lại những điềm l&agrave;nh, điềm tốt cho gia chủ&hellip;<br />\r\n+ C&aacute;ch sử dụng: Đặt ở b&agrave;n thờ thần t&agrave;i, ph&ograve;ng kh&aacute;ch, cửa h&agrave;ng kinh doanh&hellip;</p>', '<p>+ Chất liệu v&agrave; ho&agrave;n thiện: Thiềm thừ (c&oacute;c ba ch&acirc;n) xanh tr&ecirc;n đảo hoa mẫu đơn, c&oacute; đế gỗ, bột đ&aacute; m&agrave;u cao cấp (tại Việt Nam).<br />\r\n+ K&iacute;ch thước (đường k&iacute;nh x cao): 30cm x 25cm<br />\r\n+ Khối lượng: 5kg<br />\r\n+ &Yacute; nghĩa: Vượng T&agrave;i Tứ Qu&yacute;- mang &yacute; nghĩa giữ v&agrave; nhả t&agrave;i lộc cho gia chủ, trấn giữ t&agrave;i lộc, tr&aacute;nh thất tho&aacute;t, t&agrave;i lộc sinh s&ocirc;i thịnh vượng, mang lại những điềm l&agrave;nh, điềm tốt cho gia chủ&hellip;<br />\r\n+ C&aacute;ch sử dụng: Đặt ở b&agrave;n thờ thần t&agrave;i, ph&ograve;ng kh&aacute;ch, cửa h&agrave;ng kinh doanh&hellip;</p>', 100, 4500000, 4500000, 0, 0, '2024-01-26 00:25:43', '2024-01-26 00:25:43'),
(8, 1, 'mat-deo-co-ho-phach-balan-cham-khac-hoa-mau-don', 'Mặt đeo cổ hổ phách Balan chạm khắc Hoa mẫu đơn', 'product-7.jpg', '<p>+ Chất liệu v&agrave; ho&agrave;n thiện: Mặt H&igrave;nh Thiềm Thừ hổ ph&aacute;ch A+++++ (c&oacute; giấy kiểm định), (tại Việt Nam).<br />\r\n+ K&iacute;ch thước (d&agrave;i x rộng x cao): 2.5cm x 2cm x 1.1cm<br />\r\n+ Khối lượng: 5.28gr<br />\r\n+ &Yacute; nghĩa: Hổ ph&aacute;ch l&agrave; loại đ&aacute; qu&yacute; hữu cơ được th&agrave;nh tạo từ nhựa c&acirc;y c&aacute;ch nay h&agrave;ng ng&agrave;n đến h&agrave;ng triệu năm. Thiềm lại mang lại t&agrave;i lộc may mắn bảo vệ gia chủ khỏi mọi vận rủi đem lại vận may.<br />\r\n+ C&aacute;ch sử dụng: trang sức mặt đeo cổ, ngọc bội.</p>', '<p>+ Chất liệu v&agrave; ho&agrave;n thiện: Mặt H&igrave;nh Thiềm Thừ hổ ph&aacute;ch A+++++ (c&oacute; giấy kiểm định), (tại Việt Nam).<br />\r\n+ K&iacute;ch thước (d&agrave;i x rộng x cao): 2.5cm x 2cm x 1.1cm<br />\r\n+ Khối lượng: 5.28gr<br />\r\n+ &Yacute; nghĩa: Hổ ph&aacute;ch l&agrave; loại đ&aacute; qu&yacute; hữu cơ được th&agrave;nh tạo từ nhựa c&acirc;y c&aacute;ch nay h&agrave;ng ng&agrave;n đến h&agrave;ng triệu năm. Thiềm lại mang lại t&agrave;i lộc may mắn bảo vệ gia chủ khỏi mọi vận rủi đem lại vận may.<br />\r\n+ C&aacute;ch sử dụng: trang sức mặt đeo cổ, ngọc bội.</p>', 100, 10000000, 9000000, 10, 0, '2024-01-26 07:29:37', '2024-01-26 00:29:37'),
(9, 1, 'mat-deo-co-ho-phach-balan-khac-ong-tre-may-man', 'Mặt đeo cổ hổ phách Balan khắc ống tre may mắn', 'fs6351-8549-420x350-1.jpg', '<p>+ Chất liệu v&agrave; ho&agrave;n thiện: Mặt hổ ph&aacute;ch Balan A+++++ khắc ống tre m&aacute;y mắn (c&oacute; giấy kiểm định), (tại Việt Nam).<br />\r\n+ K&iacute;ch thước (d&agrave;i x rộng x cao): 4cm x 1.5cm x 0.5cm<br />\r\n+ Khối lượng:3.9 gr</p>', '<p>+ Chất liệu v&agrave; ho&agrave;n thiện: Mặt hổ ph&aacute;ch Balan A+++++ khắc ống tre m&aacute;y mắn (c&oacute; giấy kiểm định), (tại Việt Nam).<br />\r\n+ K&iacute;ch thước (d&agrave;i x rộng x cao): 4cm x 1.5cm x 0.5cm<br />\r\n+ Khối lượng:3.9 gr<br />\r\n+ &Yacute; nghĩa: Hổ ph&aacute;ch l&agrave; loại đ&aacute; qu&yacute; hữu cơ được th&agrave;nh tạo từ nhựa c&acirc;y c&aacute;ch nay h&agrave;ng ng&agrave;n đến h&agrave;ng triệu năm. Ống tre may mắn gi&uacute;p trừ t&agrave; v&agrave; mang lại nhiều may mắn.<br />\r\n+ C&aacute;ch sử dụng: trang sức mặt đeo cổ, ngọc bội.</p>', 100, 2500000, 2500000, 0, 0, '2024-01-26 00:29:09', '2024-01-26 00:29:09'),
(10, 1, 'nhan-ma-nao-xanh-ngoc-hinh-tui-tien-fs6471', 'Nhẫn mã não xanh ngọc hình túi tiền FS6471', 'thumb-1.jpg', '<p>+ Chất liệu v&agrave; ho&agrave;n thiện: Nhẫn trơn bản khủng bằng đ&aacute; m&atilde; n&atilde;o ((tại Việt Nam))<br />\r\n+ K&iacute;ch thước (đường k&iacute;nh x d&agrave;y): 2cm x 1cm.<br />\r\n+ Khối lượng: 11 gr.<br />\r\n+ &Yacute; nghĩa: tốt sức khỏe, mang lại may mắn cho người d&ugrave;ng&hellip;<br />\r\n+ C&aacute;ch sử dụng: Trang sức nhẫn đeo tay</p>', '<p>+ Chất liệu v&agrave; ho&agrave;n thiện: Nhẫn trơn bản khủng bằng đ&aacute; m&atilde; n&atilde;o ((tại Việt Nam))<br />\r\n+ K&iacute;ch thước (đường k&iacute;nh x d&agrave;y): 2cm x 1cm.<br />\r\n+ Khối lượng: 11 gr.<br />\r\n+ &Yacute; nghĩa: tốt sức khỏe, mang lại may mắn cho người d&ugrave;ng&hellip;<br />\r\n+ C&aacute;ch sử dụng: Trang sức nhẫn đeo tay</p>', 100, 2500000, 2500000, 0, 0, '2024-01-26 00:31:11', '2024-01-26 00:31:11'),
(11, 2, 'phat-ban-menh-phi-thuy-nho-dau-fs6640-7', 'Phật bản mệnh phỉ thúy nhỏ – Dậu FS6640-7', 'product2.jpg', '<p>&Yacute; nghĩa: Phật Bất Động Minh Vương bổ trợ cho người tuổi Dậu, những người sinh năm Dậu coi Bất Động Minh Vương l&agrave; Phật bản mệnh sẽ c&oacute; được sự bảo vệ của ng&agrave;i, một đời được thuận lợi, b&igrave;nh an như &yacute;.</p>', '<p>+ Chất liệu v&agrave; ho&agrave;n thiện: Phật bản mệnh ngọc Phỉ Th&uacute;y Myanmar &ndash; tuổi Dậu (tại Việt Nam).<br />\r\n+ K&iacute;ch thước (d&agrave;i x rộng x d&agrave;y): 3,5cm x 2,3cm x 0,5cm<br />\r\n+ Khối lượng: 12gram<br />\r\n+ &Yacute; nghĩa: Phật Bất Động Minh Vương bổ trợ cho người tuổi Dậu, những người sinh năm Dậu coi Bất Động Minh Vương l&agrave; Phật bản mệnh sẽ c&oacute; được sự bảo vệ của ng&agrave;i, một đời được thuận lợi, b&igrave;nh an như &yacute;.<br />\r\n+ C&aacute;ch sử dụng: Trang sức đeo cổ, ngọc bội.</p>', 100, 3500000, 3150000, 10, 0, '2024-01-26 00:32:31', '2024-01-26 00:32:31'),
(12, 2, 'phat-ngoc-phi-thuy-lon-a-tuoi-ty-fs6508-1', 'Phật ngọc Phỉ Thúy lớn A tuổi Tý FS6508-1', 'product6.jpg', '<p>&Yacute; nghĩa: Phật Thi&ecirc;n Thủ Thi&ecirc;n Nh&atilde;n Bồ T&aacute;t bổ trợ cho người tuổi T&yacute;, nổi tiếng với h&igrave;nh tượng ngh&igrave;n tay ngh&igrave;n mắt, tượng trưng cho tấm l&ograve;ng đại từ đại bi của ng&agrave;i. Ng&agrave;i c&oacute; thể gi&uacute;p những người sinh năm T&yacute; khắc phục những tật xấu như k&eacute;n chọn, kh&oacute; t&iacute;nh v&agrave; đa nghi, gi&uacute;p cho họ mọi việc được thuận lợi như &yacute;, cầu được ước thấy. Ngo&agrave;i ra c&ograve;n bổ trợ tốt về sức khỏe.</p>', '<p>+ Chất liệu v&agrave; ho&agrave;n thiện: Phật bản mệnh ngọc Phỉ Th&uacute;y Myanmar &ndash; tuổi T&yacute; (tại Việt Nam).<br />\r\n+ K&iacute;ch thước (d&agrave;i x rộng x d&agrave;y): 5 cm x 3.2cm x 0.5cm<br />\r\n+ Khối lượng:20g &ndash; 30g<br />\r\n+ &Yacute; nghĩa: Phật Thi&ecirc;n Thủ Thi&ecirc;n Nh&atilde;n Bồ T&aacute;t bổ trợ cho người tuổi T&yacute;, nổi tiếng với h&igrave;nh tượng ngh&igrave;n tay ngh&igrave;n mắt, tượng trưng cho tấm l&ograve;ng đại từ đại bi của ng&agrave;i. Ng&agrave;i c&oacute; thể gi&uacute;p những người sinh năm T&yacute; khắc phục những tật xấu như k&eacute;n chọn, kh&oacute; t&iacute;nh v&agrave; đa nghi, gi&uacute;p cho họ mọi việc được thuận lợi như &yacute;, cầu được ước thấy. Ngo&agrave;i ra c&ograve;n bổ trợ tốt về sức khỏe.<br />\r\n+ C&aacute;ch sử dụng: Trang sức đeo cổ, ngọc bội.</p>', 100, 350000, 315000, 10, 0, '2024-01-26 00:35:50', '2024-01-26 00:35:50'),
(13, 2, 'ty-huu-do-keo-cai-fh123g-hang-moi', 'Tỳ hưu đỏ kéo cải FH123G hàng mới', 'product4.jpg', '<p>+ Chất liệu v&agrave; ho&agrave;n thiện : Tượng tỳ hưu k&eacute;o bắp cải xanh bột đ&aacute; m&agrave;u ((tại Việt Nam)).<br />\r\n+ K&iacute;ch thước (d&agrave;i x rộng x cao) : 38cm x 17cm x 30cm<br />\r\n+ Khối lượng : 3.2kg</p>', '<p>+ Chất liệu v&agrave; ho&agrave;n thiện : Tượng tỳ hưu k&eacute;o bắp cải xanh bột đ&aacute; m&agrave;u ((tại Việt Nam)).<br />\r\n+ K&iacute;ch thước (d&agrave;i x rộng x cao) : 38cm x 17cm x 30cm<br />\r\n+ Khối lượng : 3.2kg<br />\r\n+ &Yacute; nghĩa : Tỳ hưu đỏ k&eacute;o cải &ndash; Chi&ecirc;u t&agrave;i nạp phước biểu tượng cho sự may mắn về t&agrave;i lộc, c&ocirc;ng việc thăng tiến, của cải dồi d&agrave;o, đầy đủ hơn.<br />\r\n+ C&aacute;ch sử dụng : Trưng b&agrave;y văn ph&ograve;ng, ph&ograve;ng kh&aacute;ch, quầy thu ng&acirc;n&hellip;</p>', 100, 6500000, 5850000, 10, 0, '2024-01-26 00:37:35', '2024-01-26 00:37:35'),
(14, 2, 'ty-huu-venh-canh-da-mat-meo-fs6033', 'Tỳ Hưu vểnh cánh đá mắt mèo FS6033', 'product3.jpg', '<p>+ Chất liệu v&agrave; ho&agrave;n thiện: Tỳ Hưu vểnh c&aacute;nh đ&aacute; mắt m&egrave;o (tại Việt Nam).<br />\r\n+ K&iacute;ch thước (d&agrave;i x rộng x cao): 2.5cm x 2.3cm x 1cm<br />\r\n+ Khối lượng: 12g</p>', '<p>+ Chất liệu v&agrave; ho&agrave;n thiện: Tỳ Hưu vểnh c&aacute;nh đ&aacute; mắt m&egrave;o (tại Việt Nam).<br />\r\n+ K&iacute;ch thước (d&agrave;i x rộng x cao): 2.5cm x 2.3cm x 1cm<br />\r\n+ Khối lượng: 12g<br />\r\n+ &Yacute; nghĩa: Biểu tượng chi&ecirc;u t&agrave;i tăng lộc, trừ t&agrave; h&oacute;a s&aacute;t, h&oacute;a giải tiểu nh&acirc;n thị phi&hellip;<br />\r\n+ C&aacute;ch sử dụng: Trang sức mặt nhẫn, mặt d&acirc;y chuyền<br />\r\n+ T&igrave;nh trạng: c&ograve;n h&agrave;ng, số lượng 01</p>', 100, 3600000, 3600000, 0, 0, '2024-01-26 00:38:30', '2024-01-26 00:38:30'),
(15, 2, 'chuoi-phi-thuy-bup-mau-don-10-li-fs6789', 'Chuỗi phỉ thúy búp mẫu đơn 10 li FS6789', 's6789-chuoi-phi-thuy-bup-mau-don1.jpg', '<p>+ Chất liệu v&agrave; ho&agrave;n thiện: Chuỗi đeo tay b&uacute;p Mẫu Đơn nhỏ, ngọc Myanmar (tại Việt Nam).<br />\r\n+ K&iacute;ch thước (đường k&iacute;nh): chuỗi 10 li, 18 hạt<br />\r\n+ Khối lượng: 35.8g.<br />\r\n+ &Yacute; nghĩa: Biểu tượng của b&igrave;nh an, sức khỏe, thể hiện sự sang trọng, qu&yacute; ph&aacute;i, may mắn t&igrave;nh duy&ecirc;n, hạnh ph&uacute;c gia đ&igrave;nh&hellip;<br />\r\n+ C&aacute;ch sử dụng: trang sức, v&ograve;ng đeo tay.</p>', '<p>+ Chất liệu v&agrave; ho&agrave;n thiện: Chuỗi đeo tay b&uacute;p Mẫu Đơn nhỏ, ngọc Myanmar (tại Việt Nam).<br />\r\n+ K&iacute;ch thước (đường k&iacute;nh): chuỗi 10 li, 18 hạt<br />\r\n+ Khối lượng: 35.8g.<br />\r\n+ &Yacute; nghĩa: Biểu tượng của b&igrave;nh an, sức khỏe, thể hiện sự sang trọng, qu&yacute; ph&aacute;i, may mắn t&igrave;nh duy&ecirc;n, hạnh ph&uacute;c gia đ&igrave;nh&hellip;<br />\r\n+ C&aacute;ch sử dụng: trang sức, v&ograve;ng đeo tay.</p>', 100, 700000, 700000, 0, 0, '2024-01-26 00:42:14', '2024-01-26 00:42:14'),
(16, 2, 'ngoc-boi-dong-tien-khac-hoa-van-noi-gcn-770-8207gr-fs6896-f4-6484', 'Ngọc bội đồng tiền khắc hoa vân nổi (GCN 770 -82.07gr) FS6896-F4-6484', 'fs6896-f4-6484.jpg', '<p>+ Chất liệu v&agrave; ho&agrave;n thiện:&nbsp;<a href=\"http://phongthuybenthanh.com/thong-tin/ngoc-boi\" rel=\"tag\" title=\"Posts tagged with Ngọc bội\">Ngọc bội</a>&nbsp;đồng tiền khắc hoa văn nổi ngọc phỉ Th&uacute;y Myanmar.<br />\r\n+ K&iacute;ch thước (đường k&iacute;nh x cao): 4.5cm x 2cm<br />\r\n+ Khối lượng: 82.07 gr<br />\r\n+ &Yacute; nghĩa: Ngọc bội đồng tiền ngo&agrave;i t&aacute;c dụng chi&ecirc;u t&agrave;i lộc, thu h&uacute;t t&agrave;i vận, c&ograve;n c&oacute; t&aacute;c dụng trừ t&agrave; giải nạn v&agrave; ph&ugrave; hộ b&igrave;nh an.<br />\r\n+ C&aacute;ch sử dụng: ngọc bội treo xe, treo trong ph&ograve;ng kh&aacute;ch, ph&ograve;ng l&agrave;m việc.</p>', '<p>+ Chất liệu v&agrave; ho&agrave;n thiện:&nbsp;<a href=\"http://phongthuybenthanh.com/thong-tin/ngoc-boi\" rel=\"tag\" title=\"Posts tagged with Ngọc bội\">Ngọc bội</a>&nbsp;đồng tiền khắc hoa văn nổi ngọc phỉ Th&uacute;y Myanmar.<br />\r\n+ K&iacute;ch thước (đường k&iacute;nh x cao): 4.5cm x 2cm<br />\r\n+ Khối lượng: 82.07 gr<br />\r\n+ &Yacute; nghĩa: Ngọc bội đồng tiền ngo&agrave;i t&aacute;c dụng chi&ecirc;u t&agrave;i lộc, thu h&uacute;t t&agrave;i vận, c&ograve;n c&oacute; t&aacute;c dụng trừ t&agrave; giải nạn v&agrave; ph&ugrave; hộ b&igrave;nh an.<br />\r\n+ C&aacute;ch sử dụng: ngọc bội treo xe, treo trong ph&ograve;ng kh&aacute;ch, ph&ograve;ng l&agrave;m việc.</p>', 100, 6500000, 6500000, 0, 0, '2024-01-26 00:43:53', '2024-01-26 00:43:53'),
(17, 2, 'chuoi-ma-nao-den-ty-huu-crom-vang-8-li-fs6819', 'Chuỗi mã não đen Tỳ hưu Crôm vàng 8 li FS6819', 'fs6819.jpg', '<p>+ Chất liệu v&agrave; ho&agrave;n thiện: Chuỗi m&atilde; n&atilde;o đen c&oacute; Tỳ Hưu kim loại Cr&ocirc;m (ho&agrave;n thiện tại Việt Nam).<br />\r\n+ K&iacute;ch thước: chuỗi 8 li, 18 hạt m&atilde; n&atilde;o đen + 4 hạt kim loại<br />\r\n+ Khối lượng: 22 gr<br />\r\n+ &Yacute; nghĩa: Chuỗi m&atilde; n&atilde;o đen Tỳ Hưu chi&ecirc;u tiền t&agrave;i, thăng tiến trong c&ocirc;ng danh sự nghiệp, trừ t&agrave; h&oacute;a giải vận xui mang lại may mắn b&igrave;nh an, đ&aacute; m&atilde; n&atilde;o đen gi&uacute;p bổ trợ sức khỏe, mang đến vẻ đẹp sang trọng v&agrave; may mắn cho người d&ugrave;ng.<br />\r\n+ C&aacute;ch sử dụng: trang sức v&ograve;ng đeo tay</p>', '<p>+ Chất liệu v&agrave; ho&agrave;n thiện: Chuỗi m&atilde; n&atilde;o đen c&oacute; Tỳ Hưu kim loại Cr&ocirc;m (ho&agrave;n thiện tại Việt Nam).<br />\r\n+ K&iacute;ch thước: chuỗi 8 li, 18 hạt m&atilde; n&atilde;o đen + 4 hạt kim loại<br />\r\n+ Khối lượng: 22 gr<br />\r\n+ &Yacute; nghĩa: Chuỗi m&atilde; n&atilde;o đen Tỳ Hưu chi&ecirc;u tiền t&agrave;i, thăng tiến trong c&ocirc;ng danh sự nghiệp, trừ t&agrave; h&oacute;a giải vận xui mang lại may mắn b&igrave;nh an, đ&aacute; m&atilde; n&atilde;o đen gi&uacute;p bổ trợ sức khỏe, mang đến vẻ đẹp sang trọng v&agrave; may mắn cho người d&ugrave;ng.<br />\r\n+ C&aacute;ch sử dụng: trang sức v&ograve;ng đeo tay</p>', 100, 365000, 365000, 0, 0, '2024-01-26 00:45:54', '2024-01-26 00:45:54'),
(18, 2, 'cap-ty-huu-xanh-ngoc-hut-tai-canh-venh-tren-de-thuy-tinh-chieu-tai-huu-nghiep-tu-tai-nap-phuoc-fln060', 'Cặp tỳ hưu xanh ngọc hút tài cánh vểnh trên đế thuỷ tinh – Chiêu Tài Hưu Nghiệp/ Tụ Tài Nạp Phước FLN060', 'ln060-cap-ty-huu-xanh-dang-ngoi-2.jpg', '<p>+ Chất liệu v&agrave; ho&agrave;n thiện: Cặp tỳ hưu xanh ngọc h&uacute;t t&agrave;i c&aacute;nh vểnh tr&ecirc;n đế thuỷ tinh, bột đ&aacute; m&agrave;u cao cấp (tại Việt Nam).<br />\r\n+ K&iacute;ch thước (d&agrave;i x rộng x cao): 10cm x 7.5cm x 11cm/ 1 &ocirc;ng<br />\r\n+ Khối lượng: 700gr/cặp<br />\r\n+ &Yacute; nghĩa: Chi&ecirc;u T&agrave;i Tỳ Hưu/ Thủ T&agrave;i Tỳ Hưu- mang lại may mắn về t&agrave;i lộc, kinh doanh ph&aacute;t đạt, c&ocirc;ng việc thuận lợi, h&oacute;a s&aacute;t tịch t&agrave;, h&oacute;a giải sao xấu, đem lại vận may cho người sử dụng.<br />\r\n+ C&aacute;ch sử dụng: trưng b&agrave;y ph&ograve;ng kh&aacute;ch, ph&ograve;ng l&agrave;m việc, cửa h&agrave;ng kinh doanh,..</p>', '<p>+ Chất liệu v&agrave; ho&agrave;n thiện: Cặp tỳ hưu xanh ngọc h&uacute;t t&agrave;i c&aacute;nh vểnh tr&ecirc;n đế thuỷ tinh, bột đ&aacute; m&agrave;u cao cấp (tại Việt Nam).<br />\r\n+ K&iacute;ch thước (d&agrave;i x rộng x cao): 10cm x 7.5cm x 11cm/ 1 &ocirc;ng<br />\r\n+ Khối lượng: 700gr/cặp<br />\r\n+ &Yacute; nghĩa: Chi&ecirc;u T&agrave;i Tỳ Hưu/ Thủ T&agrave;i Tỳ Hưu- mang lại may mắn về t&agrave;i lộc, kinh doanh ph&aacute;t đạt, c&ocirc;ng việc thuận lợi, h&oacute;a s&aacute;t tịch t&agrave;, h&oacute;a giải sao xấu, đem lại vận may cho người sử dụng.<br />\r\n+ C&aacute;ch sử dụng: trưng b&agrave;y ph&ograve;ng kh&aacute;ch, ph&ograve;ng l&agrave;m việc, cửa h&agrave;ng kinh doanh,..</p>', 100, 1900000, 1900000, 0, 0, '2024-01-26 00:46:59', '2024-01-26 00:46:59'),
(19, 2, 'ty-huu-hoang-long-vay-rong-fs016', 'Tỳ hưu hoàng long vẩy rồng FS016', 'fs016-2-edit.jpg', '<p>+ Chất liệu v&agrave; ho&agrave;n thiện: đ&aacute; ngọc Ho&agrave;ng Long v&agrave;ng (tại Việt Nam)<br />\r\n+ K&iacute;ch thước (d&agrave;i x rộng x cao): 5cm X 2.5cm x 1.5cm<br />\r\n+ Khối lượng: 25g<br />\r\n+ &Yacute; nghĩa: chi&ecirc;u t&agrave;i b&iacute;ch t&agrave;, ngăn chặn kẻ tiểu nh&acirc;n.<br />\r\n+ C&aacute;ch sử dụng: đeo cổ, đeo tay, ngọc bội.</p>', '<p>+ Chất liệu v&agrave; ho&agrave;n thiện: đ&aacute; ngọc Ho&agrave;ng Long v&agrave;ng (tại Việt Nam)<br />\r\n+ K&iacute;ch thước (d&agrave;i x rộng x cao): 5cm X 2.5cm x 1.5cm<br />\r\n+ Khối lượng: 25g<br />\r\n+ &Yacute; nghĩa: chi&ecirc;u t&agrave;i b&iacute;ch t&agrave;, ngăn chặn kẻ tiểu nh&acirc;n.<br />\r\n+ C&aacute;ch sử dụng: đeo cổ, đeo tay, ngọc bội.</p>', 100, 557000, 557000, 0, 0, '2024-01-26 00:48:03', '2024-01-26 00:48:03'),
(20, 2, 'ty-huu-da-tan-cuong-fh014', 'Tỳ hưu đá Tân Cương FH014', 'h014-cap-ty-huu-hoang-long-2.jpg', '<p>+ Chất liệu v&agrave; ho&agrave;n thiện: Tỳ hưu đ&aacute; Ho&agrave;ng Long (T&acirc;n Cương &ndash; (tại Việt Nam)).<br />\r\n+ K&iacute;ch thước (d&agrave;i x rộng x cao): 12.5cm x 5cm x 9cm.<br />\r\n+ Khối lượng: 975g/cặp.<br />\r\n+ &Yacute; nghĩa: Tỳ hưu đ&aacute; ho&agrave;ng long gi&uacute;p chi&ecirc;u t&agrave;i lộc, c&oacute; t&aacute;c dụng h&oacute;a giải ngũ ho&agrave;ng đại s&aacute;t, chế h&oacute;a hung kh&iacute;, th&iacute;ch hợp cho người kinh doanh, bu&ocirc;n b&aacute;n&hellip;<br />\r\n+ C&aacute;ch sử dụng: đặt Tỳ Hưu ở nh&agrave; v&agrave; ở c&ocirc;ng ty, cửa h&agrave;ng bu&ocirc;n b&aacute;n, ph&ograve;ng l&agrave;m việc&hellip;.</p>', '<p>+ Chất liệu v&agrave; ho&agrave;n thiện: Tỳ hưu đ&aacute; Ho&agrave;ng Long (T&acirc;n Cương &ndash; (tại Việt Nam)).<br />\r\n+ K&iacute;ch thước (d&agrave;i x rộng x cao): 12.5cm x 5cm x 9cm.<br />\r\n+ Khối lượng: 975g/cặp.<br />\r\n+ &Yacute; nghĩa: Tỳ hưu đ&aacute; ho&agrave;ng long gi&uacute;p chi&ecirc;u t&agrave;i lộc, c&oacute; t&aacute;c dụng h&oacute;a giải ngũ ho&agrave;ng đại s&aacute;t, chế h&oacute;a hung kh&iacute;, th&iacute;ch hợp cho người kinh doanh, bu&ocirc;n b&aacute;n&hellip;<br />\r\n+ C&aacute;ch sử dụng: đặt Tỳ Hưu ở nh&agrave; v&agrave; ở c&ocirc;ng ty, cửa h&agrave;ng bu&ocirc;n b&aacute;n, ph&ograve;ng l&agrave;m việc&hellip;.</p>', 100, 1893000, 1893000, 0, 0, '2024-01-26 00:49:11', '2024-01-26 00:49:11'),
(21, 6, 'cay-tai-loc-peridot-dai', 'CÂY TÀI LỘC PERIDOT_ĐẠI', '6A6A4236.jpg', '<p>C&acirc;y T&agrave;i Lộc hay thường được gọi l&agrave; C&acirc;y Đ&aacute; Qu&yacute;, C&acirc;y Ph&uacute; Qu&yacute;&hellip; c&oacute; t&aacute;n l&aacute; v&agrave; quả được tết từ đ&aacute; qu&yacute; hoặc đ&aacute; b&aacute;n qu&yacute; tự nhi&ecirc;n như: thạch anh, m&atilde; n&atilde;o, peridot, ruby, tourmaline.&nbsp;<strong>C&acirc;y T&agrave;i Lộc&nbsp;Peridot Đại</strong>&nbsp;l&agrave; m&oacute;n qu&agrave; phong thủy tuyệt vời cho qu&yacute; doanh nh&acirc;n v&agrave; nh&acirc;n vi&ecirc;n văn ph&ograve;ng.</p>', '<p><em><strong>C&acirc;y T&agrave;i Lộc hay thường được gọi l&agrave; C&acirc;y Đ&aacute; Qu&yacute;, C&acirc;y Ph&uacute; Qu&yacute;&hellip; c&oacute; t&aacute;n l&aacute; v&agrave; quả được tết từ đ&aacute; qu&yacute; hoặc đ&aacute; b&aacute;n qu&yacute; tự nhi&ecirc;n như: thạch anh, m&atilde; n&atilde;o, peridot, ruby, tourmaline. C&acirc;y T&agrave;i Lộc Peridot Đại l&agrave; m&oacute;n qu&agrave; phong thủy tuyệt vời cho qu&yacute; doanh nh&acirc;n v&agrave; nh&acirc;n vi&ecirc;n văn ph&ograve;ng.</strong></em></p>\r\n\r\n<p><strong>&Yacute; nghĩa phong thủy C&acirc;y T&agrave;i Lộc Đại:</strong></p>\r\n\r\n<ul>\r\n	<li>C&acirc;y T&agrave;i Lộc Peridot<strong>&nbsp;</strong>Đại l&agrave; biểu tượng của sự ph&aacute;t triển, sức sống v&agrave; sung t&uacute;c. H&igrave;nh ảnh c&acirc;y xanh với những t&aacute;n l&aacute; d&agrave;y rộng được xem như biểu tượng của sự tốt l&agrave;nh v&agrave; ph&aacute;t triển.</li>\r\n	<li>Đối với những người kinh doanh trưng -&nbsp;C&acirc;y T&agrave;i Lộc Peridot Đại đế thỏi v&agrave;ng nhằm ngụ &yacute; thu h&uacute;t tiền của, kinh doanh đại ph&aacute;t. Đối với nh&acirc;n vi&ecirc;n văn ph&ograve;ng v&agrave; c&ocirc;ng chức nh&agrave; nước đặt c&acirc;y t&agrave;i lộc tr&ecirc;n b&agrave;n l&agrave;m việc với mong muốn thăng quan tiến chức, hỗ trợ đường c&ocirc;ng danh hanh th&ocirc;ng.</li>\r\n	<li>C&acirc;y T&agrave;i Lộc Peridot Đại được chế t&aacute;c từ đ&aacute; phong thủy tự nhi&ecirc;n mang nguồn năng lượng dương t&iacute;ch cực hỗ trợ trừ uế kh&iacute;.&nbsp;</li>\r\n	<li>C&acirc;y T&agrave;i Lộc kh&ocirc;ng chỉ c&oacute; t&aacute;c dụng về phong thủy, c&acirc;y t&agrave;i lộc c&ograve;n được rất nhiều người lựa chọn l&agrave;m vật phẩm để l&agrave;m qu&agrave; tặng. Vừa l&agrave; 1 m&oacute;n qu&agrave; c&oacute; gi&aacute; trị vừa mang &yacute; nghĩa tốt đẹp m&agrave; người gửi tặng muốn trao cho người nhận.</li>\r\n</ul>\r\n\r\n<p><strong>Vị tr&iacute; n&ecirc;n đặt C&acirc;y T&agrave;i Lộc:</strong></p>\r\n\r\n<ul>\r\n	<li>C&acirc;y T&agrave;i Lộc chi&ecirc;u t&agrave;i thường được đặt ở vị tr&iacute; quầy thu ng&acirc;n hoặc tr&ecirc;n lối đi v&agrave;o cửa h&agrave;ng nhằm k&iacute;ch hoạt năng lượng t&agrave;i lộc cho gia chủ.</li>\r\n	<li>Đặt C&acirc;y T&agrave;i Lộc Peridot&nbsp;Đại tr&ecirc;n b&agrave;n l&agrave;m việc gi&uacute;p tr&iacute; n&atilde;o hanh th&ocirc;ng, c&ocirc;ng việc thăng tiến.</li>\r\n	<li>Đặt C&acirc;y T&agrave;i lộc trong nh&agrave; gi&uacute;p gia chủ c&oacute; tư duy linh th&ocirc;ng, s&aacute;ng suốt, sức khỏe vượng v&agrave; hỗ trợ c&ocirc;ng việc, cuộc sống được thuận lợi.</li>\r\n</ul>', 100, 19000000, 19000000, 0, 0, '2024-01-26 00:52:28', '2024-01-26 00:52:28'),
(22, 6, 'cay-tai-loc-thach-anh-da-sac-thoi-vang', 'CÂY TÀI LỘC THẠCH ANH ĐA SẮC THỎI VÀNG', '6A6A4280.jpg', '<p>C&acirc;y T&agrave;i Lộc hay thường được gọi l&agrave; C&acirc;y Đ&aacute; Qu&yacute;, C&acirc;y Ph&uacute; Qu&yacute;&hellip; c&oacute; t&aacute;n l&aacute; v&agrave; quả được tết từ đ&aacute; qu&yacute; hoặc đ&aacute; b&aacute;n qu&yacute; tự nhi&ecirc;n như: thạch anh, m&atilde; n&atilde;o, peridot, ruby, tourmaline.&nbsp;<strong>C&acirc;y T&agrave;i Lộc Thạch Anh Đa Sắc Thỏi V&agrave;ng</strong>&nbsp;l&agrave; m&oacute;n qu&agrave; phong thủy tuyệt vời cho qu&yacute; doanh nh&acirc;n v&agrave; nh&acirc;n vi&ecirc;n văn ph&ograve;ng.</p>', '<p><em><strong>C&acirc;y T&agrave;i Lộc hay thường được gọi l&agrave; C&acirc;y Đ&aacute; Qu&yacute;, C&acirc;y Ph&uacute; Qu&yacute;&hellip; c&oacute; t&aacute;n l&aacute; v&agrave; quả được tết từ đ&aacute; qu&yacute; hoặc đ&aacute; b&aacute;n qu&yacute; tự nhi&ecirc;n như: thạch anh, m&atilde; n&atilde;o, peridot, ruby, tourmaline.&nbsp;C&acirc;y T&agrave;i Lộc Thạch Anh Đa Sắc Thỏi V&agrave;ng</strong></em>&nbsp;<em><strong>l&agrave; m&oacute;n qu&agrave; phong thủy tuyệt vời cho qu&yacute; doanh nh&acirc;n v&agrave; nh&acirc;n vi&ecirc;n văn ph&ograve;ng.</strong></em></p>\r\n\r\n<p><strong>&Yacute; nghĩa phong thủy C&acirc;y T&agrave;i Lộc Thạch Anh Đa Sắc Thỏi V&agrave;ng</strong><strong>:</strong></p>\r\n\r\n<ul>\r\n	<li>C&acirc;y T&agrave;i Lộc Thạch Anh Đa Sắc Thỏi V&agrave;ng&nbsp;được tết bằng những loại đ&aacute; thạch anh m&agrave;u xanh, hồng, v&agrave;ng, t&iacute;m, trắng... kết nối với nhau bằng sợi d&acirc;y đồng, uốn h&igrave;nh c&acirc;y đại thụ t&agrave;i lộc với tư thế vững ch&atilde;i, biểu thị cho mong muốn t&agrave;i lộc dồi d&agrave;o của gia chủ.</li>\r\n	<li>C&acirc;y T&agrave;i Lộc Thạch Anh Đa Sắc Thỏi V&agrave;ng&nbsp;l&agrave; c&acirc;y đ&aacute; phong thủy l&agrave; biểu tượng của sung t&uacute;c v&agrave; thịnh vượng. Đ&acirc;y l&agrave; m&oacute;n qu&agrave; Tết, qu&agrave; mừng t&acirc;n gia, khai trương... được nhiều người lựa chọn. Th&ocirc;ng qua m&oacute;n qu&agrave;, gia chủ sẽ nhận được lời ch&uacute;c gi&agrave;u sang, ph&uacute; qu&yacute;.&nbsp;</li>\r\n	<li>C&acirc;y t&agrave;i lộc l&agrave; biểu tượng của sự sung t&uacute;c, mang đến c&aacute;t kh&iacute; mạnh mẽ cho ng&ocirc;i nh&agrave;, văn ph&ograve;ng c&ocirc;ng ty hoặc cửa h&agrave;ng kinh doanh&hellip;</li>\r\n	<li>&nbsp;Do l&agrave;m từ những loại đ&aacute; qu&yacute;, mang rất nhiều dương kh&iacute; n&ecirc;n c&acirc;y t&agrave;i lộc c&ograve;n gi&uacute;p cho gia chủ đầu &oacute;c lu&ocirc;n tinh th&ocirc;ng, s&aacute;ng suốt, rất ph&ugrave; hợp với những c&ocirc;ng việc gắn với sự đầu tư t&agrave;i ch&iacute;nh để c&oacute; thể thu v&agrave;o được nhiều T&agrave;i &ndash; Lộc như &yacute; muốn. C&acirc;y t&agrave;i lộc bằng thạch anh c&ograve;n c&oacute; t&aacute;c dụng tốt về mặt sức khỏe.</li>\r\n</ul>\r\n\r\n<p><strong>Vị tr&iacute; n&ecirc;n đặt C&acirc;y T&agrave;i Lộc:</strong></p>\r\n\r\n<ul>\r\n	<li>C&acirc;y T&agrave;i Lộc chi&ecirc;u t&agrave;i thường được đặt ở vị tr&iacute; quầy thu ng&acirc;n hoặc tr&ecirc;n lối đi v&agrave;o cửa h&agrave;ng nhằm k&iacute;ch hoạt năng lượng t&agrave;i lộc cho gia chủ</li>\r\n	<li>C&acirc;y T&agrave;i Lộc Thạch Anh Đa Sắc Thỏi V&agrave;ng&nbsp;tr&ecirc;n b&agrave;n l&agrave;m việc gi&uacute;p tr&iacute; n&atilde;o hanh th&ocirc;ng, c&ocirc;ng việc thăng tiến.</li>\r\n	<li>Đặt C&acirc;y T&agrave;i lộc trong nh&agrave; gi&uacute;p gia chủ c&oacute; tư duy linh th&ocirc;ng, s&aacute;ng suốt, sức khỏe vượng v&agrave; hỗ trợ c&ocirc;ng việc, cuộc sống được thuận lợi.</li>\r\n</ul>', 100, 2390000, 2390000, 0, 0, '2024-01-26 00:53:18', '2024-01-26 00:53:18'),
(23, 6, 'hoc-da-thach-anh-tim-2a-13', 'HỐC ĐÁ THẠCH ANH TÍM 2A_13', '_MG_4650.jpg', '<p><strong>Hốc Đ&aacute; Thạch Anh T&iacute;m&nbsp;</strong>được h&igrave;nh th&agrave;nh từ s&acirc;u trong l&ograve;ng đất qua h&agrave;ng triệu năm. Được săn l&ugrave;ng từ thời xa xưa, n&oacute; c&oacute; một vẻ đẹp tự nhi&ecirc;n huyền b&iacute;, c&oacute; rất nhiều t&aacute;c dụng k&igrave; diệu với chủ nh&acirc;n sở hữu hốc đ&aacute; thạch anh t&iacute;m.</p>', '<p><em><strong>Hốc Đ&aacute; Thạch Anh T&iacute;m được h&igrave;nh th&agrave;nh từ s&acirc;u trong l&ograve;ng đất qua h&agrave;ng triệu năm. Được săn l&ugrave;ng từ thời xa xưa, n&oacute; c&oacute; một vẻ đẹp tự nhi&ecirc;n huyền b&iacute;, c&oacute; rất nhiều t&aacute;c dụng k&igrave; diệu với chủ nh&acirc;n sở hữu hốc đ&aacute; thạch anh t&iacute;m</strong></em>.</p>\r\n\r\n<p><strong>C&ocirc;ng dụng Hốc đ&aacute; Thạch Anh T&iacute;m:</strong></p>\r\n\r\n<ul>\r\n	<li>Gi&uacute;p bạn kiểm so&aacute;t cảm x&uacute;c tốt hơn, loại bỏ những lo &acirc;u buồn phiền v&agrave; cảm gi&aacute;c thoải m&aacute;i khi trong ph&ograve;ng c&oacute; một h&agrave;ng thạch anh t&iacute;m. Được sử dụng v&agrave; n&oacute;i đến trong kinh vệ đ&agrave; ấn độ.</li>\r\n	<li>Đ&aacute; thạch anh t&iacute;m: Đ&aacute; Bổ trợ sức khỏe, gi&uacute;p ngủ ngon, thu h&uacute;t năng lượng dương, tạo sinh kh&iacute;, loại bỏ từ trường v&agrave; luồng kh&iacute; xấu.</li>\r\n	<li>Nguồn năng lượng mạnh mẽ từ đ&aacute; thạch anh t&iacute;m gi&uacute;p tr&iacute; nhớ tốt hơn, tập trung hơn trong c&ocirc;ng việc. Cải thiện giấc ngủ, gi&uacute;p ngon hơn v&agrave; s&acirc;u hơn.</li>\r\n	<li>&nbsp;Đem tới may mắn, b&igrave;nh an: Năng lượng từ đ&aacute; thạch anh t&iacute;m hỗ trợ bạn gột rửa t&aacute;c nh&acirc;n xấu trong cơ thể v&agrave; trong t&acirc;m hồn, gi&uacute;p bạn cảm thấy b&igrave;nh an hơn. L&uacute;c đ&oacute; bạn sẽ thấy mọi việc su&ocirc;n sẻ hơn, từ gia đ&igrave;nh, c&aacute;c mối quan hệ x&atilde; hội cho tới c&ocirc;ng việc l&agrave;m ăn.</li>\r\n	<li>Hốc Đ&aacute; thạch anh t&iacute;m thi&ecirc;n nhi&ecirc;n được h&igrave;nh th&agrave;nh s&acirc;u trong l&ograve;ng đất, tr&atilde;i qua h&agrave;ng triệu năm H&uacute;t linh kh&iacute; trời đất n&oacute; c&oacute; năng lượng mạnh. Việc trưng b&agrave;y hốc đ&aacute; thạch anh t&iacute;m trong ph&ograve;ng l&agrave;m việc ph&ograve;ng kh&aacute;ch gi&uacute;p&nbsp; k&iacute;ch hoạt t&agrave;i lộc, may mắn, Vượng kh&iacute; đi l&ecirc;n.</li>\r\n</ul>', 100, 15000000, 15000000, 0, 0, '2024-01-26 00:55:04', '2024-01-26 00:55:04'),
(24, 6, 'thap-van-xuong-serpentine-14-cm', 'THÁP VĂN XƯƠNG SERPENTINE_14 CM', 'thap-van-xuong-p.jpg', '<p><strong>Th&aacute;p Văn Xương Serpentine 14 cm</strong>&nbsp;được chế t&aacute;c từ đ&aacute; phong thủy hay c&ograve;n gọi l&agrave; th&aacute;p Văn Phong, th&aacute;p H&agrave;nh Văn, được coi l&agrave; biểu tượng của danh lợi, học vấn v&agrave; đỗ đạt. M&ocirc; h&igrave;nh th&aacute;p Văn Xương thu nhỏ ng&agrave;y nay được sử dụng như một vật phẩm phong thủy để b&agrave;y trong nh&agrave;. Bởi theo quan niệm từ xa xưa, ch&ugrave;a th&aacute;p tượng trưng cho tr&iacute; tuệ v&agrave; ph&aacute;p lực v&ocirc; bi&ecirc;n của nh&agrave; Phật n&ecirc;n th&aacute;p b&agrave;y trong nh&agrave; sẽ c&oacute; t&aacute;c dụng bảo vệ v&agrave; đem lại may mắn, thuận lợi</p>', '<p><strong><em>Th&aacute;p Văn Xương Serpentine 14 cm</em></strong><em><strong>&nbsp;được chế t&aacute;c từ đ&aacute; phong thủy hay c&ograve;n gọi l&agrave; th&aacute;p Văn Phong, th&aacute;p H&agrave;nh Văn, được coi l&agrave; biểu tượng của danh lợi, học vấn v&agrave; đỗ đạt. M&ocirc; h&igrave;nh th&aacute;p Văn Xương thu nhỏ ng&agrave;y nay được sử dụng như một vật phẩm phong thủy để b&agrave;y trong nh&agrave;. Bởi theo quan niệm từ xa xưa, ch&ugrave;a th&aacute;p tượng trưng cho tr&iacute; tuệ v&agrave; ph&aacute;p lực v&ocirc; bi&ecirc;n của nh&agrave; Phật n&ecirc;n th&aacute;p b&agrave;y trong nh&agrave; sẽ c&oacute; t&aacute;c dụng bảo vệ v&agrave; đem lại may mắn, thuận lợi.</strong></em></p>\r\n\r\n<p><strong>&Yacute; nghĩa th&aacute;p Văn Xương trong phong thủy:</strong></p>\r\n\r\n<ul>\r\n	<li>Người ta tin rằng khi đặt th&aacute;p Văn Xương trong nh&agrave; th&igrave; người lớn c&ocirc;ng th&agrave;nh danh toại, thăng quan tiến chức, trẻ nhỏ th&igrave; học h&agrave;nh tấn tới, thi cử đỗ đạt.</li>\r\n	<li>Th&aacute;p Văn Xương Serpentine c&oacute; khả năng ngăn ngừa hung kh&iacute;, t&agrave; ma bởi v&agrave; được sử dụng trong việc loại trừ ma quỷ.</li>\r\n	<li>Th&aacute;p Văn Xương Serpentine cũng rất hữu dụng cho những ai sắp trải qua những kỳ thi cử quan trọng hoặc những người muốn tăng tiến về tr&iacute; tuệ v&agrave; c&ocirc;ng danh.</li>\r\n	<li>Ngo&agrave;i ra c&oacute; thể sử dụng&nbsp;Th&aacute;p Văn Xương Serpentine để cầu may mắn.</li>\r\n</ul>\r\n\r\n<p><strong>Vị tr&iacute; đặt Th&aacute;p Văn Xương Serpentine:</strong></p>\r\n\r\n<ul>\r\n	<li>N&ecirc;n chọn vị tr&iacute; n&agrave;y d&ugrave;ng đặt tủ s&aacute;ch, b&agrave;n học, ph&ograve;ng học. Đ&acirc;y ch&iacute;nh l&agrave; nơi d&agrave;nh cho người đang học tập thi cử hoặc c&aacute;c học giả muốn tiến nhanh tr&ecirc;n con đường nghi&ecirc;n cứu.</li>\r\n	<li>Đặt gần b&agrave;n l&agrave;m việc th&igrave; c&oacute; lợi cho quan văn, hỗ trợ cho họ l&agrave;m việc th&ocirc;ng tho&aacute;ng hơn.</li>\r\n	<li>Hoặc đặt&nbsp;Th&aacute;p Văn Xương Serpentine ở hướng Đ&ocirc;ng Bắc hoặc Đ&ocirc;ng Nam của căn ph&ograve;ng.</li>\r\n	<li>Đặc biệt đặt&nbsp;Th&aacute;p Văn Xương Serpentine đ&uacute;ng huyệt vị Văn Xương sẽ gi&uacute;p gia chủ trở n&ecirc;n tỉnh t&aacute;o, nhanh nhẹn v&agrave; s&aacute;ng suốt.</li>\r\n</ul>\r\n\r\n<p><strong>C&aacute;ch bảo quản th&aacute;p văn xương:</strong></p>\r\n\r\n<ul>\r\n	<li>Th&aacute;p Văn Xương được chế t&aacute;c từ c&aacute;c loại đ&aacute; phong thủy tự nhi&ecirc;n n&ecirc;n cũng như c&aacute;c loại vật phẩm phong thủy kh&aacute;c, n&ecirc;n để tr&ecirc;n cao tho&aacute;ng, tr&aacute;nh va đập, trầy xước bởi c&aacute;c vật dụng kh&aacute;c.</li>\r\n	<li>Vệ sinh th&aacute;p văn xương bằng c&aacute;ch d&ugrave;ng vải mềm v&agrave; sạch để lau, c&oacute; thể lau rửa bằng nước sạch.</li>\r\n	<li>Tr&aacute;nh tiếp x&uacute;c với nhiệt độ cao, tr&aacute;nh c&aacute;c loại h&oacute;a chất, axit hoặc chất tẩy rửa.</li>\r\n</ul>', 100, 500000, 450000, 10, 0, '2024-01-26 00:56:32', '2024-01-26 00:56:32'),
(25, 6, 'dam-tinh-the-thach-anh-vang-60', 'ĐÁM TINH THỂ THẠCH ANH VÀNG_6.0', 'dam-tinh-the-ta-vang.jpg', '<p><strong>Đ&aacute;m Tinh Thể Thạch Anh V&agrave;ng</strong>&nbsp;được h&igrave;nh th&agrave;nh từ s&acirc;u trong l&ograve;ng đất qua h&agrave;ng triệu năm. Được săn l&ugrave;ng từ thời xa xưa, N&oacute; c&oacute; một vẽ đẹp tự nhi&ecirc;n huyền b&iacute;, C&oacute; rất nhiều t&aacute;c dụng k&igrave; diệu với chủ nh&acirc;n sở hữu.</p>', '<p><em><strong>Đ&aacute;m Tinh Thể Thạch Anh V&agrave;ng&nbsp;được h&igrave;nh th&agrave;nh từ s&acirc;u trong l&ograve;ng đất qua h&agrave;ng triệu năm. Được săn l&ugrave;ng từ thời xa xưa, N&oacute; c&oacute; một vẽ đẹp tự nhi&ecirc;n huyền b&iacute;, C&oacute; rất nhiều t&aacute;c dụng k&igrave; diệu với chủ nh&acirc;n sở hữu.</strong></em></p>\r\n\r\n<ul>\r\n	<li>Tinh thể thạch anh v&agrave;ng l&agrave; một trong những biến thể của d&ograve;ng họ đ&aacute; thạch anh. Thạch anh v&agrave;ng được xem l&agrave; một trong những tinh thể mang lại t&agrave;i lộc v&agrave; may mắn trong c&ocirc;ng việc cũng như kinh doanh.</li>\r\n	<li>&Yacute; nghĩa của c&aacute;i t&ecirc;n tinh thể thạch anh v&agrave;ng citrine, xuất ph&aacute;t từ từ tiếng Hy Lạp c&oacute; nghĩa l&agrave; &lsquo;citron&rsquo;, như nhiều tinh thể Citrine đầu ti&ecirc;n t&igrave;m thấy c&oacute; m&agrave;u sắc tương tự như tr&aacute;i c&acirc;y c&oacute; m&uacute;i của t&ecirc;n đ&oacute;.</li>\r\n	<li>C&aacute;c đặc t&iacute;nh tinh thể thạch anh v&agrave;ng nổi tiếng nhất l&agrave; gi&aacute; trị cho việc biểu trưng sự thịnh vượng, đặc biệt nếu bạn kết hợp n&oacute; với sức mạnh quả quyết.</li>\r\n	<li>Bằng khả năng k&iacute;ch hoạt c&aacute;c đ&aacute;m rối dương của ch&uacute;ng, chỗ ngồi của &yacute; ch&iacute;, n&oacute; sẽ gi&uacute;p bạn quyết đo&aacute;n về những g&igrave; bạn mang lại cho cuộc sống của bạn.</li>\r\n	<li>Tinh thể n&agrave;y đ&atilde; được t&igrave;m thấy ở nhiều địa điểm, bao gồm Ph&aacute;p, Anh, Nga, Madagascar, Miến Điện, T&acirc;y Ban Nha, Mỹ v&agrave; Brazil.</li>\r\n	<li>C&aacute;c t&iacute;nh chất của&nbsp;thạch anh v&agrave;ng&nbsp;thay đổi theo m&agrave;u sắc của n&oacute;.&nbsp;N&oacute; c&oacute; trong một loạt c&aacute;c sắc th&aacute;i kh&aacute;c nhau, bao gồm đ&aacute; m&agrave;u v&agrave;ng tươi v&agrave; v&agrave;ng nhạt.</li>\r\n	<li>Tinh thể thạch anh v&agrave;ng tự nhi&ecirc;n thường c&oacute; thể tương đồng với m&agrave;u của&nbsp;Thạch anh kh&oacute;i mờ&nbsp;hơn, c&ograve;n được gọi l&agrave; tinh thể thạch anh m&agrave;u v&agrave;ng kh&oacute;i.</li>\r\n	<li>Nếu bạn th&iacute;ch sử dụng tinh thể thạch anh v&agrave;ng tự nhi&ecirc;n, m&agrave;u sắc của đ&aacute; thạch anh v&agrave;ng tự nhi&ecirc;n c&oacute; thể l&agrave; m&agrave;u v&agrave;ng nhạt, m&agrave;u v&agrave;ng mật hoặc thậm ch&iacute; với m&agrave;u sắc rất &iacute;t ở tất cả.</li>\r\n</ul>', 100, 24900000, 24900000, 0, 0, '2024-01-26 00:57:59', '2024-01-26 00:57:59'),
(26, 6, 'cau-aquamarine-28', 'CẦU AQUAMARINE_2.8', 'cau-aquamarine.jpg', '<p><strong>Cầu Aquamarine_2.8</strong>&nbsp;l&agrave; một trong những vật phẩm phong thủy số một trong chi&ecirc;u t&agrave;i h&uacute;t lộc, đem vượng kh&iacute;, th&agrave;nh đạt về cho gia chủ. Theo c&aacute;c chuy&ecirc;n gia phong thủy th&igrave; quả Cầu Aquamarine c&oacute; t&aacute;c dụng hấp thụ linh kh&iacute;, dương kh&iacute; của đất trời. Nhờ vậy quả cầu phong thủy đem đến t&aacute;c dụng phong thủy to lớn cho gia chủ v&agrave; c&aacute;c th&agrave;nh vi&ecirc;n trong gia đ&igrave;nh.</p>', '<p><strong>Cầu Aquamarine_2.8</strong>&nbsp;l&agrave; một trong những vật phẩm phong thủy số một trong chi&ecirc;u t&agrave;i h&uacute;t lộc, đem vượng kh&iacute;, th&agrave;nh đạt về cho gia chủ. Theo c&aacute;c chuy&ecirc;n gia phong thủy th&igrave; quả Cầu&nbsp;Aquamarine&nbsp;c&oacute; t&aacute;c dụng hấp thụ linh kh&iacute;, dương kh&iacute; của đất trời. Nhờ vậy quả cầu phong thủy đem đến t&aacute;c dụng phong thủy to lớn cho gia chủ v&agrave; c&aacute;c th&agrave;nh vi&ecirc;n trong gia đ&igrave;nh.</p>\r\n\r\n<p><strong>C&ocirc;ng dụng quả cầu Aquamarine</strong></p>\r\n\r\n<ul>\r\n	<li>Quả cầu Aquamarine c&oacute; chứa tinh thể aquamarine l&agrave; một trong những loại kho&aacute;ng vật huyền b&iacute;, gi&uacute;p tinh thần đạt tới trạng th&aacute;i tĩnh tại, n&ecirc;n rất được y&ecirc;u th&iacute;ch trong thiền định. Quả cầu&nbsp;Aquamarine cũng được d&ugrave;ng l&agrave;m quả cầu ti&ecirc;n tri, với khả năng khai mở nh&atilde;n lực để nh&igrave;n thấy những điều s&acirc;u xa của vũ trụ.</li>\r\n	<li>Tăng cường sự tập trung, tr&iacute; nhớ, cải thiện tinh thần.</li>\r\n	<li>H&oacute;a giải những n&uacute;t thắt năng lượng, đem đến sự h&ograve;a hợp cho c&aacute;c th&agrave;nh vi&ecirc;n trong gia đ&igrave;nh.&nbsp;</li>\r\n	<li>Xua đuổi t&agrave; ma, tr&aacute;nh khỏi sự quấy rối của ma quỷ.</li>\r\n</ul>\r\n\r\n<p><strong>Những lưu &yacute; khi đặt quả cầu phong thủy:</strong></p>\r\n\r\n<ul>\r\n	<li>Cần t&igrave;m hiểu hướng đặt quả cầu phong thủy trong nh&agrave;.</li>\r\n	<li>Lựa chọn quả cầu c&oacute; m&agrave;u sắc ph&ugrave; hợp với mệnh gia chủ.</li>\r\n</ul>', 100, 2050000, 1947500, 5, 0, '2024-01-26 00:59:23', '2024-01-26 00:59:23'),
(27, 6, 'cay-tai-loc-thach-anh-tim-hu-tien', 'CÂY TÀI LỘC THẠCH ANH TÍM HŨ TIỀN', '6A6A4314.jpg', '<p>C&acirc;y T&agrave;i Lộc hay thường được gọi l&agrave; C&acirc;y Đ&aacute; Qu&yacute;, C&acirc;y Ph&uacute; Qu&yacute;&hellip; c&oacute; t&aacute;n l&aacute; v&agrave; quả được tết từ đ&aacute; qu&yacute; hoặc đ&aacute; b&aacute;n qu&yacute; tự nhi&ecirc;n như: thạch anh, m&atilde; n&atilde;o, peridot, ruby, tourmaline.&nbsp;<strong>C&acirc;y T&agrave;i Lộc Thạch Anh T&iacute;m Hũ Tiền</strong>&nbsp;l&agrave; m&oacute;n qu&agrave; phong thủy tuyệt vời cho qu&yacute; doanh nh&acirc;n v&agrave; nh&acirc;n vi&ecirc;n văn ph&ograve;ng.</p>', '<p><em><strong>C&acirc;y T&agrave;i Lộc hay thường được gọi l&agrave; C&acirc;y Đ&aacute; Qu&yacute;, C&acirc;y Ph&uacute; Qu&yacute;&hellip; c&oacute; t&aacute;n l&aacute; v&agrave; quả được tết từ đ&aacute; qu&yacute; hoặc đ&aacute; b&aacute;n qu&yacute; tự nhi&ecirc;n như: thạch anh, m&atilde; n&atilde;o, peridot, ruby, tourmaline. C&acirc;y T&agrave;i Lộc Thạch Anh T&iacute;m Hũ Tiền&nbsp;l&agrave; m&oacute;n qu&agrave; phong thủy tuyệt vời cho qu&yacute; doanh nh&acirc;n v&agrave; nh&acirc;n vi&ecirc;n văn ph&ograve;ng.</strong></em></p>\r\n\r\n<p><strong>&Yacute; nghĩa phong thủy</strong>&nbsp;<strong>C&acirc;y T&agrave;i Lộc Thạch Anh T&iacute;m Hũ Tiền</strong>:</p>\r\n\r\n<ul>\r\n	<li>C&acirc;y T&agrave;i Lộc Thạch Anh T&iacute;m Hũ Tiền l&agrave; biểu tượng của sự ph&aacute;t triển, sức sống v&agrave; sung t&uacute;c. H&igrave;nh ảnh c&acirc;y xanh với những t&aacute;n l&aacute; d&agrave;y rộng được xem như biểu tượng của sự tốt l&agrave;nh v&agrave; ph&aacute;t triển.</li>\r\n	<li>Đối với những người kinh doanh trưng -&nbsp;C&acirc;y T&agrave;i Lộc Thạch Anh T&iacute;m Hũ Tiền nhằm ngụ &yacute; thu h&uacute;t tiền của, kinh doanh đại ph&aacute;t. Đối với nh&acirc;n vi&ecirc;n văn ph&ograve;ng v&agrave; c&ocirc;ng chức nh&agrave; nước đặt c&acirc;y t&agrave;i lộc tr&ecirc;n b&agrave;n l&agrave;m việc với mong muốn thăng quan tiến chức, hỗ trợ đường c&ocirc;ng danh hanh th&ocirc;ng.</li>\r\n	<li>C&acirc;y T&agrave;i Lộc Thạch Anh T&iacute;m Hũ Tiền được chế t&aacute;c từ đ&aacute; phong thủy tự nhi&ecirc;n mang nguồn năng lượng dương t&iacute;ch cực hỗ trợ trừ uế kh&iacute;.&nbsp;</li>\r\n	<li>C&acirc;y T&agrave;i Lộc kh&ocirc;ng chỉ c&oacute; t&aacute;c dụng về phong thủy, c&acirc;y t&agrave;i lộc c&ograve;n được rất nhiều người lựa chọn l&agrave;m vật phẩm để l&agrave;m qu&agrave; tặng. Vừa l&agrave; 1 m&oacute;n qu&agrave; c&oacute; gi&aacute; trị vừa mang &yacute; nghĩa tốt đẹp m&agrave; người gửi tặng muốn trao cho người nhận.</li>\r\n</ul>\r\n\r\n<p><strong>Vị tr&iacute; n&ecirc;n đặt C&acirc;y T&agrave;i Lộc:</strong></p>\r\n\r\n<ul>\r\n	<li>C&acirc;y T&agrave;i Lộc chi&ecirc;u t&agrave;i thường được đặt ở vị tr&iacute; quầy thu ng&acirc;n hoặc tr&ecirc;n lối đi v&agrave;o cửa h&agrave;ng nhằm k&iacute;ch hoạt năng lượng t&agrave;i lộc cho gia chủ.</li>\r\n	<li>Đặt C&acirc;y T&agrave;i Lộc Thạch Anh T&iacute;m Hũ Tiền tr&ecirc;n b&agrave;n l&agrave;m việc gi&uacute;p tr&iacute; n&atilde;o hanh th&ocirc;ng, c&ocirc;ng việc thăng tiến.</li>\r\n	<li>Đặt C&acirc;y T&agrave;i lộc trong nh&agrave; gi&uacute;p gia chủ c&oacute; tư duy linh th&ocirc;ng, s&aacute;ng suốt, sức khỏe vượng v&agrave; hỗ trợ c&ocirc;ng việc, cuộc sống được thuận lợi.</li>\r\n</ul>', 100, 3090000, 3090000, 0, 0, '2024-01-26 01:00:43', '2024-01-26 01:00:43');
INSERT INTO `products` (`id`, `category_id`, `alias`, `name`, `image`, `summary`, `description`, `qty`, `price`, `price_sale`, `discount`, `view`, `created_at`, `updated_at`) VALUES
(28, 6, 'ty-huu-thach-anh-xanh-21-cm', 'TỲ HƯU THẠCH ANH XANH_21 CM', 'ty-huu-da-thach-anh-xanh-avent-8x2 (1).jpg', '<p><strong>Tỳ Hưu Thạch Anh Xanh 21 cm</strong>&nbsp;l&agrave; vật phẩm phong thủy thu h&uacute;t t&agrave;i lộc, h&oacute;a s&aacute;t trừ t&agrave;, hộ mệnh b&igrave;nh an cho gia chủ. Tỳ hưu thường được trưng th&agrave;nh 1 cặp trong nh&agrave; tại c&aacute;c vị tr&iacute; như cửa ra v&agrave;o, b&agrave;n thờ thần t&agrave;i, b&agrave;n l&agrave;m việc&hellip; nhằm ngụ &yacute; tịch t&agrave; v&agrave; chi&ecirc;u t&agrave;i lộc.</p>', '<p><em><strong>Tỳ Hưu Thạch Anh Xanh l&agrave; vật phẩm phong thủy thu h&uacute;t t&agrave;i lộc, h&oacute;a s&aacute;t trừ t&agrave;, hộ mệnh b&igrave;nh an cho gia chủ. Tỳ hưu thường được trưng th&agrave;nh 1 cặp trong nh&agrave; tại c&aacute;c vị tr&iacute; như cửa ra v&agrave;o, b&agrave;n thờ thần t&agrave;i, b&agrave;n l&agrave;m việc&hellip; nhằm ngụ &yacute; tịch t&agrave; v&agrave; chi&ecirc;u t&agrave;i lộc.</strong></em></p>\r\n\r\n<p><strong>Nguồn gốc&nbsp;Tỳ Hưu Thạch Anh Xanh_10 cm:</strong></p>\r\n\r\n<ul>\r\n	<li>Tỳ Hưu l&agrave; linh vật phong thủy cầu t&agrave;i lộc, may mắn xuất hiện từ thời vua Minh Th&aacute;i Tổ (Chu Nguy&ecirc;n Chương) dựng nước.&nbsp;</li>\r\n	<li>Tỳ hưu Thạch Anh Xanh Aventurine được chế t&aacute;c từ đ&aacute; Thạch Anh Xanh mang nguồn năng lượng tương th&iacute;ch với năng lượng cơ thể con người. Đ&aacute; tự nhi&ecirc;n được h&igrave;nh th&agrave;nh h&agrave;ng vạn năm trong l&ograve;ng đất hấp thu năng lượng, linh kh&iacute; của đất trời n&ecirc;n mang trong m&igrave;nh c&aacute;t kh&iacute; v&agrave; c&oacute; khả năng thu h&uacute;t c&aacute;c nguồn năng lượng t&iacute;ch cực như: T&agrave;i Lộc, Tịnh T&acirc;m, Sức Khỏe.</li>\r\n</ul>\r\n\r\n<p><strong>&Yacute; nghĩa của&nbsp;Tỳ Hưu Thạch Anh Xanh_10 cm</strong>:</p>\r\n\r\n<ul>\r\n	<li>Tỳ Hưu c&oacute; đặc điểm kh&ocirc;ng c&oacute; lỗ hậu m&ocirc;n v&agrave; chỉ ăn v&agrave;ng bạc, n&ecirc;n khi trưng Tỳ Hưu trong nh&agrave; sẽ gi&uacute;p gia chủ thu h&uacute;t t&agrave;i lộc, kinh doanh thuận lợi, c&ocirc;ng việc thăng tiến.</li>\r\n	<li>Tỳ Hưu l&agrave; linh vật nhận được sự ưu &aacute;i của trời đất n&ecirc;n mang trong m&igrave;nh linh kh&iacute; rất mạnh. Ch&iacute;nh v&igrave; thế Tỳ hưu Thạch Anh Xanh Aventurine ngo&agrave;i thu h&uacute;t t&agrave;i lộc c&ograve;n c&oacute; c&ocirc;ng dụng trấn s&aacute;t, trừ t&agrave;, h&oacute;a giải ngũ ho&agrave;ng đại s&aacute;t hoặc h&oacute;a đất dữ th&agrave;nh l&agrave;nh bảo hộ cho gia chủ.</li>\r\n</ul>\r\n\r\n<p><strong>Lưu &yacute; khi sử dụng&nbsp;Tỳ Hưu Thạch Anh Xanh_10 cm:</strong></p>\r\n\r\n<ul>\r\n	<li>Đặt Tỳ Hưu ở vị tr&iacute; sạch sẽ v&agrave; trang trọng như: quầy thu ng&acirc;n, ph&ograve;ng kh&aacute;ch, ban thờ thần t&agrave;i, k&eacute;t sắt.</li>\r\n	<li>Hướng đặt Tỳ Hưu lu&ocirc;n lu&ocirc;n phải quay đầu ra hướng cửa ch&iacute;nh của ng&ocirc;i nh&agrave;, văn ph&ograve;ng.</li>\r\n	<li>Kh&ocirc;ng đặt Tỳ Hưu đối diện gương v&igrave; sẽ l&agrave;m tăng lệ kh&iacute; cho Tỳ Hưu.</li>\r\n	<li>Kh&ocirc;ng tặng Tỳ Hưu đang sử dụng cho người kh&aacute;c.</li>\r\n</ul>\r\n\r\n<p><strong>Khai quang Tỳ hưu:</strong></p>\r\n\r\n<ul>\r\n	<li>Khai quang tại nh&agrave;: Tỳ Hưu khi mua về cần được khai quang đ&uacute;ng c&aacute;ch nhằm ph&aacute;t huy t&aacute;c dụng. Việc khai quang cần chọn được ng&agrave;y đẹp, giờ đẹp để tiến h&agrave;nh.</li>\r\n	<li>Khai quang tại ch&ugrave;a: Nếu khai quang tại ch&ugrave;a, khi mua Tỳ hưu về bạn phải d&ugrave;ng khăn bịt mắt của Tỳ hưu lại. Sau đ&oacute; mang l&ecirc;n ch&ugrave;a nhờ c&aacute;c sư thầy khai quang cho.&nbsp;</li>\r\n</ul>', 100, 6390000, 6390000, 0, 0, '2024-01-26 01:03:09', '2024-01-26 01:03:09'),
(29, 6, 'ty-huu-nui-lua-obsidian-10-cm', 'TỲ HƯU NÚI LỬA OBSIDIAN_10 CM', 'ty-huu-nui-lua-obsadian-12cm.jpg', '<p><strong>Tỳ Hưu N&uacute;i Lửa Obsidian_10 cm</strong>&nbsp;l&agrave; vật phẩm phong thủy thu h&uacute;t t&agrave;i lộc, h&oacute;a s&aacute;t trừ t&agrave;, hộ mệnh b&igrave;nh an cho gia chủ. Tỳ hưu thường được trưng th&agrave;nh 1 cặp trong nh&agrave; tại c&aacute;c vị tr&iacute; như cửa ra v&agrave;o, b&agrave;n thờ thần t&agrave;i, b&agrave;n l&agrave;m việc&hellip; nhằm ngụ &yacute; tịch t&agrave; v&agrave; chi&ecirc;u t&agrave;i lộc.</p>', '<p><em><strong>Tỳ Hưu N&uacute;i Lửa Obsidian_10 cm&nbsp;l&agrave; vật phẩm phong thủy thu h&uacute;t t&agrave;i lộc, h&oacute;a s&aacute;t trừ t&agrave;, hộ mệnh b&igrave;nh an cho gia chủ. Tỳ hưu thường được trưng th&agrave;nh 1 cặp trong nh&agrave; tại c&aacute;c vị tr&iacute; như cửa ra v&agrave;o, b&agrave;n thờ thần t&agrave;i, b&agrave;n l&agrave;m việc&hellip; nhằm ngụ &yacute; tịch t&agrave; v&agrave; chi&ecirc;u t&agrave;i lộc.</strong></em></p>\r\n\r\n<p><strong>Nguồn gốc tỳ hưu Tỳ Hưu N&uacute;i Lửa Obsidian:</strong></p>\r\n\r\n<ul>\r\n	<li>Tỳ Hưu l&agrave; linh vật phong thủy cầu t&agrave;i lộc, may mắn xuất hiện từ thời vua Minh Th&aacute;i Tổ (Chu Nguy&ecirc;n Chương) dựng nước.&nbsp;</li>\r\n	<li>Tỳ Hưu N&uacute;i Lửa Obsidian được chế t&aacute;c từ đ&aacute; Obsidian tự nhi&ecirc;n mang nguồn năng lượng tương th&iacute;ch với năng lượng cơ thể con người. Đ&aacute; tự nhi&ecirc;n được h&igrave;nh th&agrave;nh h&agrave;ng vạn năm trong l&ograve;ng đất hấp thu năng lượng, linh kh&iacute; của đất trời n&ecirc;n mang trong m&igrave;nh c&aacute;t kh&iacute; v&agrave; c&oacute; khả năng thu h&uacute;t c&aacute;c nguồn năng lượng t&iacute;ch cực như: T&agrave;i Lộc, Tịnh T&acirc;m, Sức Khỏe&hellip;</li>\r\n</ul>\r\n\r\n<p><strong>&Yacute; nghĩa phong thủy của Tỳ Hưu N&uacute;i Lửa Obsidian:</strong></p>\r\n\r\n<ul>\r\n	<li>Tỳ Hưu c&oacute; đặc điểm kh&ocirc;ng c&oacute; lỗ hậu m&ocirc;n v&agrave; chỉ ăn v&agrave;ng bạc, n&ecirc;n khi trưng Tỳ Hưu trong nh&agrave; sẽ gi&uacute;p gia chủ thu h&uacute;t t&agrave;i lộc, kinh doanh thuận lợi, c&ocirc;ng việc thăng tiến.</li>\r\n	<li>Tỳ Hưu l&agrave; linh vật nhận được sự ưu &aacute;i của trời đất n&ecirc;n mang trong m&igrave;nh linh kh&iacute; rất mạnh. Ch&iacute;nh v&igrave; thế Tỳ Hưu N&uacute;i Lửa Obsidian ngo&agrave;i thu h&uacute;t t&agrave;i lộc c&ograve;n c&oacute; c&ocirc;ng dụng trấn s&aacute;t, trừ t&agrave;, h&oacute;a giải ngũ ho&agrave;ng đại s&aacute;t hoặc h&oacute;a đất dữ th&agrave;nh l&agrave;nh bảo hộ cho gia chủ.</li>\r\n</ul>\r\n\r\n<p><strong>Lưu &yacute; khi sử dụng Tỳ Hưu phong thủy:</strong></p>\r\n\r\n<ul>\r\n	<li>Đặt Tỳ Hưu ở vị tr&iacute; sạch sẽ v&agrave; trang trọng như: quầy thu ng&acirc;n, ph&ograve;ng kh&aacute;ch, ban thờ thần t&agrave;i, k&eacute;t sắt.</li>\r\n	<li>Hướng đặt Tỳ Hưu lu&ocirc;n lu&ocirc;n phải quay đầu ra hướng cửa ch&iacute;nh của ng&ocirc;i nh&agrave;, văn ph&ograve;ng.</li>\r\n	<li>Kh&ocirc;ng đặt Tỳ Hưu đối diện gương v&igrave; sẽ l&agrave;m tăng lệ kh&iacute; cho Tỳ Hưu.</li>\r\n	<li>Kh&ocirc;ng tặng Tỳ Hưu đang sử dụng cho người kh&aacute;c.</li>\r\n</ul>', 100, 690000, 655500, 5, 0, '2024-01-26 08:04:47', '2024-01-26 01:04:47'),
(30, 6, 'cau-thach-anh-vang-2a-04', 'CẦU THẠCH ANH VÀNG 2A_0.4', '11.png', '<p><em><strong>Cầu thạch anh v&agrave;ng 2a_0.4</strong></em>&nbsp;được coi l&agrave; &ldquo;Vi&ecirc;n đ&aacute; th&agrave;nh c&ocirc;ng&rdquo; hay &ldquo;Vi&ecirc;n đ&aacute; thịnh vượng&rdquo;. Bạn c&oacute; thể đặt 1 quả cầu thạch anh m&agrave;u v&agrave;ng hay trụ đ&aacute; thạch anh v&agrave;ng ở hướng Đ&ocirc;ng Nam nh&agrave; bạn để thu h&uacute;t sự gi&agrave;u c&oacute;. Giới kinh doanh rất chuộng Cầu phong thủy thạch anh v&agrave;ng gi&uacute;p thu h&uacute;t t&agrave;i lộc về cho chủ nh&acirc;n.</p>', '<p><em><strong>Cầu thạch anh v&agrave;ng 2a_0.4</strong></em>&nbsp;được coi l&agrave; &ldquo;Vi&ecirc;n đ&aacute; th&agrave;nh c&ocirc;ng&rdquo; hay &ldquo;Vi&ecirc;n đ&aacute; thịnh vượng&rdquo;. Bạn c&oacute; thể đặt 1 quả cầu thạch anh m&agrave;u v&agrave;ng hay trụ đ&aacute; thạch anh v&agrave;ng ở hướng Đ&ocirc;ng Nam nh&agrave; bạn để thu h&uacute;t sự gi&agrave;u c&oacute;. Giới kinh doanh rất chuộng Cầu phong thủy thạch anh v&agrave;ng gi&uacute;p thu h&uacute;t t&agrave;i lộc về cho chủ nh&acirc;n.</p>\r\n\r\n<p><strong>1. &Yacute; nghĩa cầu thạch anh v&agrave;ng 2a_0.4</strong></p>\r\n\r\n<p>Thạch anh m&agrave;u v&agrave;ng tăng cường c&aacute;c xung động thần kinh, gi&uacute;p cải thiện tr&iacute; th&ocirc;ng minh, tr&iacute; tuệ v&agrave; khả năng tập trung.&nbsp;&nbsp;</p>\r\n\r\n<p>Thạch anh m&agrave;u v&agrave;ng gi&uacute;p tăng cường sự tự tin, thu h&uacute;t sự gi&agrave;u c&oacute; về ph&iacute;a bạn, do đ&oacute;, n&oacute; gi&uacute;p bạn dễ d&agrave;ng hơn trong việc thiết lập mối quan hệ với những người gi&agrave;u c&oacute;, th&agrave;nh c&ocirc;ng</p>\r\n\r\n<p>Những bạn hay mơ mộng viển v&ocirc;ng, h&atilde;y đặt cầu thạch anh v&agrave;ng trong ph&ograve;ng l&agrave;m việc, l&agrave;m như thế sẽ gi&uacute;p bạn thực tế hơn, dễ h&ograve;a đồng hơn, gần gũi hơn với cuộc sống đời thường.</p>\r\n\r\n<p>Đặt thạch anh m&agrave;u v&agrave;ng ở trung t&acirc;m nh&agrave; để mang đến năng lượng, &aacute;nh s&aacute;ng, sức sống, vui vẻ cho ng&ocirc;i nh&agrave; v&agrave; cuộc sống gia đ&igrave;nh.</p>\r\n\r\n<p>Đặt một quả cầu thạch anh v&agrave;ng tr&ecirc;n b&agrave;n l&agrave;m việc sẽ mang đến may mắn, tăng t&iacute;nh tỉ mỉ, sự tập trung v&agrave; s&aacute;ng tạo trong c&ocirc;ng việc.</p>\r\n\r\n<p><strong>2. Những lưu &yacute; khi đặt cầu thạch anh v&agrave;ng 2a_0.4</strong></p>\r\n\r\n<p>Cần t&igrave;m hiểu hướng đặt quả cầu phong thủy trong nh&agrave;.</p>\r\n\r\n<p>Lựa chọn quả cầu c&oacute; m&agrave;u sắc ph&ugrave; hợp với mệnh của gia chủ.</p>', 100, 4500000, 4500000, 0, 0, '2024-01-29 02:09:32', '2024-01-28 19:09:32'),
(31, 2, 'bo-that-tinh-thach-anh-xanh-nho', 'BỘ THẤT TINH THẠCH ANH XANH_NHỎ', 'IMG_2858.jpg', '<p><strong>Bộ Thất Tinh Thạch Anh Xanh_Nhỏ&nbsp;</strong>được chế t&aacute;c từ đ&aacute; Thạch anh xanh tự nhi&ecirc;n hay c&ograve;n gọi l&agrave; đĩa thất tinh, đĩa ngọc thất tinh. L&agrave; 1 bộ gồm 7 quả cầu đ&aacute; nhỏ bố tr&iacute; tr&ecirc;n mặt đĩa trận đồ. Với 6 vi&ecirc;n đ&aacute; được xếp tr&ecirc;n một trận đồ bao quanh 1 vi&ecirc;n đ&aacute; lớn hơn tượng trưng cho ng&ocirc;i sao David quyền năng &ndash; ng&ocirc;i sao c&oacute; 6 đỉnh nhọn l&agrave; sự kết hợp vận dụng c&aacute;c yếu tố h&igrave;nh học sẽ tạo n&ecirc;n cũng như khuếch t&aacute;n những năng lượng tốt, điều h&ograve;a d&ograve;ng kh&iacute;, tạo sự h&ograve;a thuận v&agrave; khả năng bảo hộ chủ nh&acirc;n.</p>', '<p><em><strong>Bộ Thất Tinh Thạch Anh Xanh_Nhỏ&nbsp;được chế t&aacute;c từ đ&aacute; Thạch anh xanh tự nhi&ecirc;n hay c&ograve;n gọi l&agrave; đĩa thất tinh, đĩa ngọc thất tinh. L&agrave; 1 bộ gồm 7 quả cầu đ&aacute; nhỏ bố tr&iacute; tr&ecirc;n mặt đĩa trận đồ. Với 6 vi&ecirc;n đ&aacute; được xếp tr&ecirc;n một trận đồ bao quanh 1 vi&ecirc;n đ&aacute; lớn hơn tượng trưng cho ng&ocirc;i sao David quyền năng &ndash; ng&ocirc;i sao c&oacute; 6 đỉnh nhọn l&agrave; sự kết hợp vận dụng c&aacute;c yếu tố h&igrave;nh học sẽ tạo n&ecirc;n cũng như khuếch t&aacute;n những năng lượng tốt, điều h&ograve;a d&ograve;ng kh&iacute;, tạo sự h&ograve;a thuận v&agrave; khả năng bảo hộ chủ nh&acirc;n.</strong></em></p>\r\n\r\n<p><strong>C&ocirc;ng dụng của Bộ thất tinh thạch anh xanh:</strong></p>\r\n\r\n<ul>\r\n	<li>Một trong những b&iacute; quyết cải biến Phong Thuỷ ch&iacute;nh l&agrave; k&iacute;ch hoạt c&aacute;t kh&iacute; của sao B&aacute;t Bạch trong ph&ograve;ng kh&aacute;ch, văn ph&ograve;ng. Bộ thất tinh gồm 7 vi&ecirc;n đ&aacute; qu&yacute; thạch anh tr&ecirc;n đĩa tr&ograve;n. Những vi&ecirc;n đ&aacute; tr&ograve;n mang lại c&aacute;t kh&iacute; rất lớn, xua được t&agrave; kh&iacute;, &acirc;m kh&iacute; vốn l&agrave; mầm mống ph&aacute;t sinh tai hoạ, bệnh tật.</li>\r\n	<li>Thất tinh bắc đẩu trận đồ l&agrave; 1 ph&aacute;p kh&iacute; phong thuỷ. Giới doanh nh&acirc;n coi Đĩa thất tinh l&agrave; b&ugrave;a ch&uacute; cầu may, bởi t&aacute;c dụng kỳ diệu m&agrave; n&oacute; mang lại cho c&ocirc;ng việc l&agrave;m ăn của họ.</li>\r\n	<li>Thất tinh trận d&ugrave;ng 6 vi&ecirc;n thủy tinh hoặc trụ thủy tinh b&agrave;y tại c&aacute;c vị tr&iacute; đối diện nhau tai v&ograve;ng ngo&agrave;i tr&ecirc;n hai h&igrave;nh tam gi&aacute;c đặt ch&eacute;o nhau. Ở ch&iacute;nh t&acirc;m đĩa đặt một vi&ecirc;n (hoặc th&aacute;p) lớn, h&igrave;nh th&agrave;nh &ldquo;Tinh H&igrave;nh&rdquo;, như vậy gọi l&agrave; Thất Tinh Trận. Vi&ecirc;n ở giữa sẽ thu nhận năng lượng từ trường của 6 vi&ecirc;n xung quanh v&agrave; ph&aacute;t huy tối đa nguồn năng lượng n&agrave;y.</li>\r\n	<li>7 vi&ecirc;n cầu bằng đ&aacute; n&agrave;y tượng trưng cho 7 v&igrave; tinh t&uacute;, đặt tr&ecirc;n đĩa tượng trưng bầu trời. V&igrave; sao to nhất đặt ch&iacute;nh giữa l&agrave; mệnh chủ nh&agrave;, c&ograve;n 6 v&igrave; sao xung quanh l&agrave; bảo vệ cho mệnh chủ. Người ta chọn m&agrave;u vi&ecirc;n đ&aacute; phong thủy ở giữa l&agrave; m&agrave;u tương sinh hoặc tương hợp với mệnh chủ, c&ograve;n 6 vi&ecirc;n v&ograve;ng ngo&agrave;i c&oacute; thể chọn theo c&aacute;c m&agrave;u sắc ngũ h&agrave;nh: Kim (trắng), Mộc (xanh l&aacute;), Thủy (đen), Hỏa (đỏ), Thổ (v&agrave;ng) hoặc d&ugrave;ng 1 m&agrave;u hợp với mệnh.</li>\r\n</ul>\r\n\r\n<p><strong>Vị tr&iacute; đặt bộ thất tinh:</strong></p>\r\n\r\n<ul>\r\n	<li>- Được đặt tr&ecirc;n b&agrave;n l&agrave;m việc để trấn s&aacute;t, trị t&agrave;, thu h&uacute;t vượng kh&iacute; cho chủ nh&acirc;n.</li>\r\n	<li>- Đặt ở b&agrave;n kh&aacute;ch, b&agrave;n tr&agrave; gi&uacute;p cho chủ nh&acirc;n quan hệ rộng r&atilde;i, nhiều qu&yacute; nh&acirc;n gi&uacute;p đỡ về c&ocirc;ng danh t&agrave;i lộc, tr&aacute;nh kẻ tiểu nh&acirc;n.</li>\r\n</ul>', 100, 690000, 683100, 1, 0, '2024-02-01 21:45:13', '2024-02-01 21:45:13'),
(32, 2, 'thap-van-xuong-thach-anh-trang-7-tang-02', 'THÁP VĂN XƯƠNG THẠCH ANH TRẮNG 7 TẦNG_0.2', 'thap-van-xuong-ta-trang.jpg', '<p><strong>Th&aacute;p Văn Xương Thạch Anh Trắng 7 Tầng 0.2</strong>​ hay c&ograve;n gọi l&agrave; th&aacute;p Văn Phong, th&aacute;p H&agrave;nh Văn, được coi l&agrave; biểu tượng của danh lợi, học vấn v&agrave; đỗ đạt. M&ocirc; h&igrave;nh th&aacute;p Văn Xương thu nhỏ ng&agrave;y nay được sử dụng như một vật phẩm phong thủy để b&agrave;y trong nh&agrave;. Bởi theo quan niệm từ xa xưa, ch&ugrave;a th&aacute;p tượng trưng cho tr&iacute; tuệ v&agrave; ph&aacute;p lực v&ocirc; bi&ecirc;n của nh&agrave; Phật n&ecirc;n th&aacute;p b&agrave;y trong nh&agrave; sẽ c&oacute; t&aacute;c dụng bảo vệ v&agrave; đem lại may mắn, thuận lợi.</p>', '<p><em><strong>Th&aacute;p Văn Xương Thạch Anh Trắng 7 Tầng 0.2</strong></em><strong><em>​ hay c&ograve;n gọi l&agrave; th&aacute;p Văn Phong, th&aacute;p H&agrave;nh Văn, được coi l&agrave; biểu tượng của danh lợi, học vấn v&agrave; đỗ đạt. M&ocirc; h&igrave;nh th&aacute;p Văn Xương thu nhỏ ng&agrave;y nay được sử dụng như một vật phẩm phong thủy để b&agrave;y trong nh&agrave;. Bởi theo quan niệm từ xa xưa, ch&ugrave;a th&aacute;p tượng trưng cho tr&iacute; tuệ v&agrave; ph&aacute;p lực v&ocirc; bi&ecirc;n của nh&agrave; Phật n&ecirc;n th&aacute;p b&agrave;y trong nh&agrave; sẽ c&oacute; t&aacute;c dụng bảo vệ v&agrave; đem lại may mắn, thuận lợi.</em></strong></p>\r\n\r\n<p><strong>&Yacute; nghĩa th&aacute;p Văn Xương trong phong thủy:</strong></p>\r\n\r\n<ul>\r\n	<li>Người ta tin rằng khi đặt Th&aacute;p Văn Xương Thạch Anh Trắng 7 Tầng&nbsp;trong nh&agrave; th&igrave; người lớn c&ocirc;ng th&agrave;nh danh toại, thăng quan tiến chức, trẻ nhỏ th&igrave; học h&agrave;nh tấn tới, thi cử đỗ đạt.</li>\r\n	<li>Th&aacute;p Văn Xương Thạch Anh Trắng 7 Tầng c&oacute; khả năng ngăn ngừa hung kh&iacute;, t&agrave; ma bởi v&agrave; được sử dụng trong việc loại trừ ma quỷ.</li>\r\n	<li>Th&aacute;p Văn Xương Thạch Anh Trắng 7 Tầng cũng rất hữu dụng cho những ai sắp trải qua những kỳ thi cử quan trọng hoặc những người muốn tăng tiến về tr&iacute; tuệ v&agrave; c&ocirc;ng danh.</li>\r\n</ul>', 100, 1590000, 1590000, 0, 0, '2024-02-01 21:47:04', '2024-02-01 21:47:04'),
(33, 2, 'cau-ruby-nam-phi-39', 'CẦU RUBY NAM PHI_3.9', 'cau-ruby-nam-phi.jpg', '<p><strong>Cầu Ruby Nam Phi_3.9</strong>&nbsp;l&agrave; một trong những vật phẩm phong thủy số một trong chi&ecirc;u t&agrave;i h&uacute;t lộc, đem vượng kh&iacute;, th&agrave;nh đạt về cho gia chủ. Vật phẩm n&agrave;y mang h&igrave;nh cầu, l&agrave; h&igrave;nh dạng của đất trời, v&igrave; thế m&agrave; đại diện cho t&iacute;nh Thổ.&nbsp;</p>', '<p><em><strong>Cầu Ruby Nam Phi_3.9&nbsp;l&agrave; một trong những vật phẩm phong thủy số một trong chi&ecirc;u t&agrave;i h&uacute;t lộc, đem vượng kh&iacute;, th&agrave;nh đạt về cho gia chủ. Vật phẩm n&agrave;y mang h&igrave;nh cầu, l&agrave; h&igrave;nh dạng của đất trời, v&igrave; thế m&agrave; đại diện cho t&iacute;nh Thổ.&nbsp;</strong></em></p>\r\n\r\n<p><strong>&nbsp;C&ocirc;ng dụng Cầu Ruby Nam Phi_3.9:</strong></p>\r\n\r\n<ul>\r\n	<li>Trong phong thủy, người ta cho rằng quả cầu Ruby Nam Phi c&oacute; t&aacute;c dụng hấp thụ v&agrave; h&oacute;a giải hư kh&iacute;, chỉ giữ lại c&aacute;t kh&iacute; cho kh&ocirc;ng gian trong nh&agrave;.</li>\r\n	<li>Gi&uacute;p tăng cường sự tập trung, tr&iacute; nhớ, cải thiện tinh thần, c&oacute; lợi cho người l&agrave;m việc về đ&ecirc;m hay chuẩn bị thi cử.</li>\r\n	<li>H&oacute;a giải những n&uacute;t thắt năng lượng, đem đến sự h&ograve;a hợp cho c&aacute;c th&agrave;nh vi&ecirc;n trong gia đ&igrave;nh.&nbsp;</li>\r\n	<li>Xua đuổi t&agrave; ma, tr&aacute;nh khỏi sự quấy rối của ma quỷ.</li>\r\n	<li>Đ&aacute; Ruby Nam Phi được biết đến l&agrave; vi&ecirc;n đ&aacute; tượng trưng cho sự thịnh vượng, gi&agrave;u sang. Người sử dụng quả cầu l&agrave;m từ đ&aacute; Ruby Nam Phi th&igrave; tr&aacute;nh được những điều xui rủi, gi&uacute;p cho c&ocirc;ng việc hay c&aacute;c mối quan hệ đều được su&ocirc;n sẻ.</li>\r\n</ul>\r\n\r\n<p><strong>Những lưu &yacute; khi đặt quả cầu phong thủy:</strong></p>\r\n\r\n<ul>\r\n	<li>Cần t&igrave;m hiểu hướng đặt quả cầu phong thủy trong nh&agrave;.</li>\r\n	<li>Lựa chọn quả cầu c&oacute; m&agrave;u sắc ph&ugrave; hợp với mệnh của gia chủ.&nbsp;</li>\r\n</ul>', 100, 4690000, 4455500, 5, 0, '2024-02-01 21:49:18', '2024-02-01 21:49:18'),
(34, 2, 'thiem-thu-thach-anh-hong-06', 'THIỀM THỪ THẠCH ANH HỒNG_0.6', 'thiem-thu-thach-anh-hong-10x10x8 (3).jpg', '<p>C&oacute;c t&agrave;i lộc hay c&ograve;n gọi l&agrave; Thiềm thừ, C&oacute;c 3 ch&acirc;n, C&oacute;c ngậm tiền,&nbsp;<strong>Thiềm Thừ Thạch Anh Hồng</strong>&nbsp;được l&agrave;m từ Thạch Anh Hồng được coi l&agrave; con vật linh thi&ecirc;ng trong phong thủy d&ugrave;ng để thu h&uacute;t t&agrave;i lộc v&agrave;o nh&agrave;, đặc biệt d&ugrave;ng trong cửa h&agrave;ng để thu h&uacute;t t&agrave;i lộc về cho gia chủ.</p>', '<p><em><strong>C&oacute;c t&agrave;i lộc hay c&ograve;n gọi l&agrave; Thiềm thừ, C&oacute;c 3 ch&acirc;n, C&oacute;c ngậm tiền,&nbsp;Thiềm Thừ Thạch Anh Hồng&nbsp;được l&agrave;m từ Thạch Anh Hồng được coi l&agrave; con vật linh thi&ecirc;ng trong phong thủy d&ugrave;ng để thu h&uacute;t t&agrave;i lộc v&agrave;o nh&agrave;, đặc biệt d&ugrave;ng trong cửa h&agrave;ng để thu h&uacute;t t&agrave;i lộc về cho gia chủ.</strong></em></p>\r\n\r\n<p><strong>&nbsp;Nguồn gốc Thiềm Thừ :</strong></p>\r\n\r\n<ul>\r\n	<li>Theo truyền thuyết của người Hoa, th&igrave; Thiềm Thừ vốn l&agrave; y&ecirc;u tinh, được Ti&ecirc;n &ocirc;ng Lưu Hải thu phục, theo ti&ecirc;n &ocirc;ng Lưu Hải tu h&agrave;nh n&ecirc;n kh&ocirc;ng l&agrave;m hại nh&acirc;n gian như trước, m&agrave; ngược lại d&ugrave;ng ph&eacute;p thuật của m&igrave;nh đi khắp nh&acirc;n gian để nhả tiền bạc gi&uacute;p đỡ mọi người để thể hiện sự phục thiện, sự cải t&agrave; quy ch&aacute;nh với ti&ecirc;n &ocirc;ng Lưu Hải, v&igrave; vậy Thiềm thừ được người Hoa tr&acirc;n trọng như l&agrave; một trong những con vật linh thi&ecirc;ng trong phong thủy về t&agrave;i lộc v&agrave; y&ecirc;n l&agrave;nh. Thiềm Thừ thường ngậm đồng tiền xu trong miệng, tượng trưng cho việc c&oacute;c mang v&agrave;ng v&agrave;o nh&agrave;.&nbsp;</li>\r\n</ul>\r\n\r\n<p><strong>&nbsp;&Yacute; nghĩa Thiềm Thừ Thạch Anh Hồng:</strong></p>\r\n\r\n<ul>\r\n	<li>Thiềm Thừ Thạch Anh Hồng_0.6&nbsp;l&agrave; biểu tượng của t&agrave;i lộc v&agrave; điềm l&agrave;nh, l&agrave; vật phẩm của sự may mắn trong c&ocirc;ng việc l&agrave;m ăn, sự b&igrave;nh an cho gia đạo. N&ecirc;n mọi người thường biến xấu th&agrave;nh tốt trong phong thủy nh&agrave; cửa, hoặc để tặng cho bạn b&egrave; th&acirc;n hữu trong những dịp hỷ sự.</li>\r\n</ul>\r\n\r\n<p><strong>Khai quang Thiềm Thừ:</strong></p>\r\n\r\n<ul>\r\n	<li>Sử dụng c&aacute;c linh vật phong thủy đặc biệt l&agrave;&nbsp;Thiềm Thừ Thạch Anh Hồng_0.6 để ch&uacute;ng ph&aacute;t huy hết t&aacute;c dụng của m&igrave;nh th&igrave; khi thỉnh về cần l&agrave;m lễ khai quang. Bạn c&oacute; thể tự khai quang tại nh&agrave;, hoặc khai quang tr&ecirc;n ch&ugrave;a.</li>\r\n	<li>Khai quang tại nh&agrave;: Thiềm thừ khi mua về cần được khai quang đ&uacute;ng c&aacute;ch nhằm ph&aacute;t huy t&aacute;c dụng. Việc khai quang thiềm thừ cần chọn ng&agrave;y đẹp, giờ đẹp. Sau đ&oacute; lấy nước giếng v&agrave; nước mưa pha lẫn v&agrave;o nhau. Cho thiềm thừ v&agrave;o ng&acirc;m trong nước 3 ng&agrave;y 3 đ&ecirc;m liền. Sau đ&oacute; d&ugrave;ng khăn sạch lau kh&ocirc;, sử dụng nước ch&egrave; vẩy v&agrave;o mắt để khai quang điểm nh&atilde;n cho Thiềm Thừ.</li>\r\n	<li>Khai quang tại ch&ugrave;a: Nếu khai quang tại ch&ugrave;a, khi mua Thiềm Thừ về bạn phải d&ugrave;ng khăn bịt mắt của Thiềm Thừ lại. Sau đ&oacute; mang l&ecirc;n ch&ugrave;a nhờ c&aacute;c sư thầy khai quang cho. Bạn cần cung cấp hết c&aacute;c th&ocirc;ng tin v&agrave; c&ocirc;ng việc của m&igrave;nh. Nhằm mục đ&iacute;ch th&ocirc;ng b&aacute;o về chủ nh&acirc;n của Thiềm Thừ.</li>\r\n</ul>', 100, 2390000, 2390000, 0, 0, '2024-02-01 21:51:35', '2024-02-01 21:51:35'),
(35, 2, 'charm-ty-huu-tai-loc-vang-24k-24', 'CHARM TỲ HƯU TÀI LỘC VÀNG 24K_24', 'ty-huu-.jpg', '<p><strong>Charm Tỳ Hưu T&agrave;i Lộc V&agrave;ng 24k_24</strong>&nbsp;l&agrave; linh vật phong thủy&nbsp;cầu t&agrave;i ph&uacute;, b&igrave;nh an&nbsp;hiệu nghiệm tr&ecirc;n chiếc v&ograve;ng tay phong thủy.</p>', '<p><strong><em>Charm Tỳ Hưu T&agrave;i Lộc V&agrave;ng 24k_24 l&agrave; linh vật phong thủy&nbsp;cầu t&agrave;i ph&uacute;, b&igrave;nh an&nbsp;hiệu nghiệm tr&ecirc;n chiếc v&ograve;ng tay phong thủy.</em></strong></p>\r\n\r\n<p>&Yacute; nghĩa charm Tỳ Hưu V&agrave;ng 24K:</p>\r\n\r\n<ul>\r\n	<li>Tỳ Hưu v&agrave;ng 24K l&agrave; linh vật phong thủy cầu t&agrave;i ph&uacute;, b&igrave;nh an hiệu nghiệm tr&ecirc;n chiếc v&ograve;ng tay phong thủy.</li>\r\n	<li>Tỳ Hưu v&agrave;ng được chế t&aacute;c từ v&agrave;ng 24K - v&agrave;ng r&ograve;ng với độ tinh khiết 99,99%, qua b&agrave;n tay chế t&aacute;c thủ c&ocirc;ng của những nghệ nh&acirc;n l&agrave;nh nghề nhất để tạo ra d&aacute;ng vẻ tinh xảo, sang trọng. Chất liệu v&agrave;ng t&iacute;nh b&igrave;nh, t&aacute;c dụng h&ograve;a huyết, trấn t&acirc;m, an ngũ tạng, tốt cho sức khỏe. Tỳ Hưu v&agrave;ng kết hợp ho&agrave;n hảo với những v&ograve;ng tay phong thủy chi&ecirc;u t&agrave;i lộc, b&igrave;nh an.</li>\r\n</ul>\r\n\r\n<p>Lưu &yacute; khi sử dụng charm tỳ hưu v&agrave;ng 24K:</p>\r\n\r\n<ul>\r\n	<li>Kh&ocirc;ng để&nbsp;Charm Tỳ Hưu T&agrave;i Lộc V&agrave;ng 24k tiếp t&uacute;c với nhiệt hoặc axit. Khi v&ograve;ng bị bẩn bạn c&oacute; thể rửa bằng nước lọc hoặc c&aacute;c loại nước rửa đ&aacute; ngọc chuy&ecirc;n dụng.</li>\r\n	<li>Kh&ocirc;ng tiếp x&uacute;c với c&aacute;c chất &ocirc; uế, dơ bẩn.</li>\r\n	<li>Kh&ocirc;ng tặng b&aacute;n charm Tỳ hưu đang sử dụng cho người kh&aacute;c.</li>\r\n</ul>', 100, 4900000, 4410000, 10, 0, '2024-02-01 21:57:43', '2024-02-01 21:57:43'),
(36, 6, 'day-treo-o-to-ngoc-jade-rong-nho', 'DÂY TREO Ô TÔ NGỌC JADE RỒNG_NHỎ', 'day-treo-oto-ngoc-jade-rong.jpg', '<p><strong>D&acirc;y Treo &Ocirc; T&ocirc; Ngọc Jade Rồng Nhỏ</strong>&nbsp;l&agrave; vật phẩm được y&ecirc;u th&iacute;ch để treo trong &ocirc; t&ocirc;, với mong muốn mang đến b&igrave;nh an cho người sử dụng.</p>', '<p><em><strong>D&acirc;y Treo &Ocirc; T&ocirc; Ngọc Jade Rồng Nhỏ l&agrave; vật phẩm được y&ecirc;u th&iacute;ch để treo trong &ocirc; t&ocirc;, với mong muốn mang đến b&igrave;nh an cho người sử dụng</strong></em>.</p>\r\n\r\n<p><strong>&Yacute; nghĩa</strong>&nbsp;<strong>D&acirc;y Treo &Ocirc; T&ocirc; Ngọc Jade Rồng Nhỏ:</strong></p>\r\n\r\n<ul>\r\n	<li>Năng lượng tuyệt vời từ ngọc Jade, đem lại sự dồi d&agrave;o về sức khỏe, an lạc về tinh thần.</li>\r\n	<li>D&acirc;y treo được ch&uacute; niệm, gi&uacute;p chủ nh&acirc;n thượng lộ b&igrave;nh an tr&ecirc;n mọi cung đường.</li>\r\n	<li>Vượng kh&iacute; ngọc bội mang lại đem tới sự thăng tiến về c&ocirc;ng danh, tiền t&agrave;i.</li>\r\n	<li>Kh&ocirc;ng chỉ mang gi&aacute; trị thẩm mỹ cao, ngọc bội c&ograve;n h&agrave;m chứa &yacute; nghĩa t&acirc;m linh, may mắn, c&aacute;t tường trong nh&acirc;n sinh.</li>\r\n	<li>Theo phong thuỷ,&nbsp;ngọc chạm rồng&nbsp;l&agrave; vật phẩm c&oacute; thể thu h&uacute;t v&agrave; gắn kết t&igrave;nh cảm của người kh&aacute;c giới. Tuy nhi&ecirc;n, bạn cũng cần lưu &yacute; đeo mặt ngọc ph&ugrave; hợp để tr&aacute;nh g&acirc;y ra những t&aacute;c dụng ngược kh&ocirc;ng mong muốn.</li>\r\n</ul>\r\n\r\n<p><strong>Những lưu &yacute; khi lựa chọn d&acirc;y treo &ocirc; t&ocirc;:</strong></p>\r\n\r\n<ul>\r\n	<li>Sử dụng d&acirc;y treo &ocirc; t&ocirc; mang yếu tố t&acirc;m linh n&ecirc;n cần hợp phong thủy với gia chủ để ph&ugrave; hộ b&igrave;nh an.</li>\r\n	<li>Người sử dụng n&ecirc;n thường xuy&ecirc;n gần d&acirc;y treo để tăng cường d&ograve;ng năng lượng hữu &iacute;ch, thu h&uacute;t t&agrave;i lộc, may mắn.</li>\r\n	<li>Bảo quản d&acirc;y treo &ocirc; t&ocirc; tr&aacute;nh xa h&oacute;a chất tẩy rửa, thường xuy&ecirc;n l&agrave;m sạch d&acirc;y treo xe &ocirc; t&ocirc; bằng nước sạch. D&ugrave;ng vải mềm lau sạch để d&acirc;y treo &ocirc; t&ocirc; lu&ocirc;n sạch b&oacute;ng.</li>\r\n</ul>', 100, 490000, 490000, 0, 0, '2024-02-01 21:59:00', '2024-02-01 21:59:00'),
(37, 6, 'charm-con-giap-vang-24k-dan', 'CHARM CON GIÁP VÀNG 24K_DẦN', 'dan2.jpg', '<p><strong>Charm Con Gi&aacute;p V&agrave;ng 24k_Dần l&agrave; m&oacute;n qu&agrave; phong thủy đem lại may mắn cho người tuổi Dần</strong>.&nbsp;Những người tuổi Dần mang theo charm con gi&aacute;p b&ecirc;n m&igrave;nh sẽ gi&uacute;p mang lại&nbsp;may mắn, b&igrave;nh an, h&oacute;a giải vận hạn.</p>', '<p><strong><em>Charm Con Gi&aacute;p V&agrave;ng 24k_Dần l&agrave; m&oacute;n qu&agrave; phong thủy đem lại may mắn cho người tuổi Dần.&nbsp;Những người tuổi Dần mang theo charm con gi&aacute;p b&ecirc;n m&igrave;nh sẽ gi&uacute;p mang lại&nbsp;may mắn, b&igrave;nh an, h&oacute;a giải vận hạn.</em></strong></p>\r\n\r\n<p><strong>&Yacute; nghĩa Charm Con Gi&aacute;p V&agrave;ng:</strong></p>\r\n\r\n<ul>\r\n	<li>Charm v&agrave;ng 24K&nbsp;Con Gi&aacute;p V&agrave;ng được tạo ra từ v&agrave;ng 24K - v&agrave;ng r&ograve;ng với độ tinh khiết 99,99%, qua b&agrave;n tay chế t&aacute;c của những nghệ nh&acirc;n t&agrave;i hoa, charm v&agrave;ng&nbsp;Con Gi&aacute;p V&agrave;ng xuất hiện với vẻ ngo&agrave;i sang trọng v&agrave; qu&yacute; ph&aacute;i. Chất liệu v&agrave;ng t&iacute;nh b&igrave;nh, t&aacute;c dụng hỗ trợ h&ograve;a huyết, trấn t&acirc;m, an ngũ tạng, tốt cho sức khỏe.</li>\r\n</ul>\r\n\r\n<p><strong>Lưu &yacute; khi sử dụng charm Con Gi&aacute;p V&agrave;ng:</strong></p>\r\n\r\n<ul>\r\n	<li>Đeo charm con gi&aacute;p v&agrave;ng&nbsp;c&ugrave;ng&nbsp;v&ograve;ng đ&aacute; theo tương sinh ngũ h&agrave;nh để đạt hiệu quả cao. Hoặc đeo c&ugrave;ng D&acirc;y Đỏ may mắn sẽ tr&aacute;nh được những tai ương bất ngờ.</li>\r\n	<li>Khi sử dụng n&ecirc;n giữ g&igrave;n cẩn thận, tr&aacute;nh va đập, trầy xước bởi những loại trang sức kh&aacute;c.</li>\r\n	<li>Kh&ocirc;ng n&ecirc;n tiếp x&uacute;c với nhiệt hoặc c&aacute;c loại axit, chất tẩy rửa mạnh.</li>\r\n</ul>', 100, 10000000, 10000000, 0, 0, '2024-02-01 22:00:30', '2024-02-01 22:00:30'),
(38, 6, 'charm-dong-tien-vang-24k-14', 'CHARM ĐỒNG TIỀN VÀNG 24K_14', 'dong-tien-vang.jpg', '<p><strong>Charm Đồng Tiền V&agrave;ng 24K_14</strong>&nbsp;l&agrave; m&oacute;n qu&agrave; phong thủy mang lại may mắn, t&agrave;i ph&uacute;, thịnh vượng l&agrave; phụ kiện kh&ocirc;ng thể thiếu tr&ecirc;n chiếc v&ograve;ng tay phong thủy.</p>', '<p><strong><em>Charm Đồng Tiền V&agrave;ng 24K_14&nbsp;l&agrave; m&oacute;n qu&agrave; phong thủy&nbsp;mang lại may mắn, t&agrave;i ph&uacute;, thịnh vượng l&agrave; phụ kiện kh&ocirc;ng thể thiếu tr&ecirc;n chiếc v&ograve;ng tay phong thủy.</em></strong></p>\r\n\r\n<p><strong>&Yacute; nghĩa</strong>&nbsp;<strong>Charm Đồng Tiền V&agrave;ng</strong>:</p>\r\n\r\n<ul>\r\n	<li>Theo phong thủy, tiền xu l&agrave; một trong những vật phẩm quan trọng đ&atilde; c&oacute; từ xa xưa. V&agrave; đồng tiền xu được người xưa đục lỗ h&igrave;nh tr&ograve;n tượng trưng cho Trời, ở giữa l&agrave; một lỗ h&igrave;nh vu&ocirc;ng tượng trưng cho Đất. Trời ngo&agrave;i - Đất trong tượng trưng cho sự thịnh vượng v&agrave; những đồng tiền xu n&agrave;y được xem như nguồn t&agrave;i lộc của cải, c&aacute;t kh&iacute; của đồng tiền xu sẽ, đem lại nhiều may mắn về c&ocirc;ng danh, sự nghiệp, giải trừ tai họa, tr&aacute;nh tiểu nh&acirc;n.</li>\r\n	<li>Đồng Tiền V&agrave;ng được chế t&aacute;c thủ c&ocirc;ng từ b&agrave;n tay của những nghệ nh&acirc;n l&agrave;nh nghề, tr&ecirc;n chất liệu v&agrave;ng 24K - v&agrave;ng r&ograve;ng với độ tinh khiết 99,99% - đem đến phong c&aacute;ch lịch sự, sang trọng. Kim loại v&agrave;ng t&iacute;nh b&igrave;nh, t&aacute;c dụng hỗ trợ h&ograve;a huyết, trấn t&acirc;m, an ngũ tạng, tốt cho sức khỏe của người đeo.</li>\r\n	<li>Đồng Tiền V&agrave;ng 24K l&agrave; phụ kiện ho&agrave;n hảo tr&ecirc;n c&aacute;c v&ograve;ng tay phong thủy chi&ecirc;u t&agrave;i lộc.</li>\r\n</ul>\r\n\r\n<p><strong>Lưu &yacute; khi sử dụng charm Đồng Tiền V&agrave;ng:</strong></p>\r\n\r\n<ul>\r\n	<li>Đeo Charm Đồng Tiền V&agrave;ng c&ugrave;ng v&ograve;ng đ&aacute; theo tương sinh ngũ h&agrave;nh để đạt hiệu quả cao. Hoặc đeo c&ugrave;ng D&acirc;y Đỏ may mắn sẽ tr&aacute;nh được những tai ương bất ngờ.</li>\r\n	<li>Khi sử dụng n&ecirc;n giữ g&igrave;n cẩn thận, tr&aacute;nh va đập, trầy xước bởi những loại trang sức kh&aacute;c.</li>\r\n	<li>Kh&ocirc;ng n&ecirc;n tiếp x&uacute;c với nhiệt hoặc c&aacute;c loại axit, chất tẩy rửa mạnh.</li>\r\n</ul>', 100, 3490000, 3141000, 10, 0, '2024-02-01 23:49:07', '2024-02-01 23:49:07'),
(39, 6, 'charm-bi-vang-24k-5', 'CHARM BI VÀNG 24K_5', 'charm-bi-vang.jpg', '<p>Charm Bi V&agrave;ng&nbsp;được tạo ra từ v&agrave;ng 24K - v&agrave;ng r&ograve;ng với độ tinh khiết 99,99%, qua b&agrave;n tay chế t&aacute;c của những nghệ nh&acirc;n t&agrave;i hoa, charm v&agrave;ng&nbsp; xuất hiện với vẻ ngo&agrave;i sang trọng v&agrave; qu&yacute; ph&aacute;i. Chất liệu v&agrave;ng t&iacute;nh b&igrave;nh, t&aacute;c dụng hỗ trợ h&ograve;a huyết, trấn t&acirc;m, an ngũ tạng, tốt cho sức khỏe.</p>', '<p>&Yacute; nghĩa Charm Bi V&agrave;ng:</p>\r\n\r\n<ul>\r\n	<li>Charm Bi V&agrave;ng được tạo ra từ v&agrave;ng 24K - v&agrave;ng r&ograve;ng với độ tinh khiết 99,99%, qua b&agrave;n tay chế t&aacute;c của những nghệ nh&acirc;n t&agrave;i hoa, charm v&agrave;ng&nbsp; xuất hiện với vẻ ngo&agrave;i sang trọng v&agrave; qu&yacute; ph&aacute;i. Chất liệu v&agrave;ng t&iacute;nh b&igrave;nh, t&aacute;c dụng hỗ trợ h&ograve;a huyết, trấn t&acirc;m, an ngũ tạng, tốt cho sức khỏe.</li>\r\n</ul>\r\n\r\n<p>Lưu &yacute; khi sử dụng charm&nbsp;Bi V&agrave;ng:</p>\r\n\r\n<ul>\r\n	<li>Đeo charm bi v&agrave;ng c&ugrave;ng v&ograve;ng đ&aacute; theo tương sinh ngũ h&agrave;nh để đạt hiệu quả cao. Hoặc đeo c&ugrave;ng D&acirc;y Đỏ may mắn sẽ tr&aacute;nh được những tai ương bất ngờ.</li>\r\n	<li>Khi sử dụng n&ecirc;n giữ g&igrave;n cẩn thận, tr&aacute;nh va đập, trầy xước bởi những loại trang sức kh&aacute;c.</li>\r\n	<li>Kh&ocirc;ng n&ecirc;n tiếp x&uacute;c với nhiệt hoặc c&aacute;c loại axit, chất tẩy rửa mạnh.</li>\r\n</ul>', 100, 800000, 800000, 0, 0, '2024-02-02 00:02:28', '2024-02-02 00:02:28'),
(40, 6, 'mat-day-ty-huu-ngoc-bich-nephrite-boc-vang-kem-dc-vang-10k', 'MẶT DÂY TỲ HƯU NGỌC BÍCH NEPHRITE BỌC VÀNG KÈM DC VÀNG_10K', 'CMDV0201_Mat_Day_Ty_Huu_Ngoc_Bich_Nephrite_Boc_Vang_10K(1).jpg', '<p id=\"pname\"><strong>Mặt D&acirc;y Tỳ Hưu Ngọc B&iacute;ch Nephrite Bọc V&agrave;ng K&egrave;m DC V&agrave;ng 10K&nbsp;</strong>- linh vật&nbsp;<strong>Cầu T&agrave;i Lộc - Độ B&igrave;nh An</strong>.&nbsp;Tỳ Hưu&nbsp;Ngọc B&iacute;ch Nephrite Bọc V&agrave;ng l&agrave; linh vật phong thủy rất được ưa chuộng bởi c&ocirc;ng dụng&nbsp;thu h&uacute;t t&agrave;i lộc, trấn trạch, trấn t&agrave;&nbsp;đem lại may mắn, b&igrave;nh an.</p>', '<p><strong><em>Mặt D&acirc;y Tỳ Hưu Ngọc B&iacute;ch Nephrite Bọc V&agrave;ng K&egrave;m DC V&agrave;ng 10K&nbsp;- linh vật Cầu T&agrave;i Lộc - Độ B&igrave;nh An.&nbsp;Tỳ Hưu&nbsp;Ngọc B&iacute;ch Nephrite Bọc V&agrave;ng l&agrave; linh vật phong thủy rất được ưa chuộng bởi c&ocirc;ng dụng&nbsp;thu h&uacute;t t&agrave;i lộc, trấn trạch, trấn t&agrave;&nbsp;đem lại may mắn, b&igrave;nh an.</em></strong></p>\r\n\r\n<p><strong>C&ocirc;ng dụng Mặt D&acirc;y Tỳ Hưu Ngọc B&iacute;ch Nephrite Bọc V&agrave;ng</strong><strong>:</strong></p>\r\n\r\n<ul>\r\n	<li>Tỳ Hưu c&oacute; t&aacute;c dụng chi&ecirc;u t&agrave;i lộc, thuận c&ocirc;ng danh: Tỳ Hưu c&oacute; đặc điểm kh&ocirc;ng c&oacute; lỗ hậu m&ocirc;n v&agrave; chỉ th&iacute;ch ăn v&agrave;ng bạc, n&ecirc;n khi mang trang sức Tỳ Hưu Ngọc B&iacute;ch Nephrite Bọc V&agrave;ng b&ecirc;n người sẽ gi&uacute;p chủ nh&acirc;n thu h&uacute;t t&agrave;i lộc, kinh doanh ph&aacute;t đạt, c&ocirc;ng việc thăng tiến.</li>\r\n	<li>Tỳ Hưu gi&uacute;p xua đuổi t&agrave; ma, khu trừ &acirc;m kh&iacute;: Tỳ Hưu l&agrave; linh vật mang h&igrave;nh d&aacute;ng dữ tợn chuy&ecirc;n đi h&uacute;t tinh huyết của c&aacute;c lo&agrave;i y&ecirc;u ma. N&ecirc;n khi mang trang sức Tỳ Hưu&nbsp;Ngọc B&iacute;ch Nephrite Bọc V&agrave;ng b&ecirc;n người sẽ gi&uacute;p bảo hộ gia chủ khỏi t&agrave; ma, mang đến may mắn, b&igrave;nh y&ecirc;n cho chủ nh&acirc;n.</li>\r\n	<li>Tỳ Hưu&nbsp;Ngọc B&iacute;ch Nephrite Bọc V&agrave;ng c&ograve;n l&agrave; linh vật phong thủy được d&ugrave;ng để h&oacute;a giải &ldquo;Ngũ Ho&agrave;ng Đại S&aacute;t&rdquo; mang đến b&igrave;nh an, tăng cường sức khỏe cho gia chủ.</li>\r\n</ul>\r\n\r\n<p><strong>Lưu &yacute; khi sử dụng Mặt D&acirc;y Tỳ Hưu Ngọc B&iacute;ch Nephrite Bọc V&agrave;ng</strong><strong>:</strong></p>\r\n\r\n<ul>\r\n	<li>Cũng giống như nhiều loại đ&aacute; qu&yacute; kh&aacute;c, khi sử dụng mặt d&acirc;y Tỳ hưu, bạn n&ecirc;n giữ g&igrave;n cẩn thận, tr&aacute;nh g&acirc;y va đập, trầy xước ảnh hưởng tới bề mặt vi&ecirc;n đ&aacute;</li>\r\n	<li>Kh&ocirc;ng mang mặt d&acirc;y Tỳ hưu khi quan hệ ph&ograve;ng the</li>\r\n	<li>Kh&ocirc;ng cho tặng Tỳ Hưu đang sử dụng cho người kh&aacute;c v&igrave; sẽ l&agrave;m chuyển giao t&agrave;i lộc.</li>\r\n</ul>', 100, 5200000, 4940000, 5, 0, '2024-02-02 00:06:15', '2024-02-02 00:06:15'),
(41, 1, 'ty-huu-phong-thuy-xanh-ngoc-do-size-29cm', 'Tỳ Hưu Phong Thủy Xanh Ngọc Đỏ Size 29cm', 'ty-huu-phong-thuy-xanh-ngoc1.jpg', '<p>Tỳ lưu lu&ocirc;n được xem l&agrave; một linh vật đặc biệt trong phong thuỷ, tỳ hưu mang lại nhiều &yacute; nghĩa cho gia chủ như: Mang lại t&agrave;i lọc, nắm giữ t&agrave;i vận, trừ t&agrave; mang lại b&igrave;nh an cho gia chủ. Tỳ hưu v&agrave;ng sẽ mang lại nhiều may mắn v&agrave; gi&agrave;u sang cho gia chủ.</p>', '<p>Tỳ hưu phong thuỷ được xem như linh vật h&agrave;ng đầu trong c&aacute;c linh vật theo thuyết phong thuỷ v&agrave; được c&aacute;c gia chủ lựa chọn nhiều nhất trong việc b&agrave;y tr&iacute; nhằm chi&ecirc;u t&agrave;i, giữ t&agrave;i vận, trừ t&agrave;, mang lại t&agrave;i lộc v&agrave; cầu b&igrave;nh an.<br />\r\n<a href=\"https://quaqueviet.vn/ty-huu-phong-thuy-61.htm\" target=\"_blank\">Tỳ hưu phong thủy</a>&nbsp;l&agrave; linh vật đặc biệt c&oacute; sự kết hợp của nhiều linh vật linh vật linh thi&ecirc;ng v&agrave; truyền thuyến kh&aacute;c sở hữu phần đầu giống với rồng, th&acirc;n giống như ngựa, ch&acirc;n th&igrave; giống kỳ l&acirc;n, h&igrave;nh d&aacute;ng th&igrave; mang vẽ đẹp của một con sư tử dũng mảnh v&agrave; oai nghi.</p>\r\n\r\n<p>Nhờ sự hội tụ tinh hoa của nhiều mảnh th&uacute; v&agrave; linh vật kh&aacute;c khiến Tỳ hưu l&agrave; một trong những linh vật đặc biệt mang nhiều &yacute; nghĩa cho những người sở hữu n&oacute;.</p>', 100, 1100000, 1100000, 0, 0, '2024-02-02 00:09:13', '2024-02-02 00:09:13'),
(42, 1, 'ty-huu-phong-thuy-vang-ngoc-do-size-22cm', 'Tỳ Hưu Phong Thủy Vàng Ngọc Đỏ Size 22cm', 'ty-huu-vang-do1.jpg', '<p>Tỳ Hưu phong thủy l&agrave; linh vật đặc biệt tỳ hưu c&oacute; h&igrave;nh d&aacute;ng gần giống Kỳ L&acirc;n nhưng kh&aacute;c l&agrave; c&oacute; đ&ocirc;i c&aacute;nh v&agrave; thường được thờ phụng với ngụ &yacute; nghĩa mang lại sự may mắn t&agrave;i lộc b&igrave;nh an cho người sở hữu ch&uacute;ng</p>', '<p><strong>&Yacute; Nghĩa Tỳ Hưu Trong Phong Thuỷ:</strong></p>\r\n\r\n<p>+ Tỳ Hưu m&agrave;u đen c&oacute; t&aacute;c dụng chiều t&agrave;i ph&aacute;t lộc rất tốt.<br />\r\n+ Tỳ Hưu m&agrave;u xanh đen sẽ mang lại nhiều may mắt cho gia chủ trong đường c&ocirc;ng danh sự nghiệp.<br />\r\n+ Tỳ Hưu m&agrave;u v&agrave;ng gi&uacute;p cho việc kinh doanh mua may b&aacute;n đắt, ph&aacute;t t&agrave;i, ph&aacute;t lộc.<br />\r\n+ Tỳ Hưu m&agrave;u trang vừa thể hiện sự thanh cao, b&igrave;nh an sức khoẻ v&agrave; sẵn s&agrave;ng rước t&agrave;i lọc v&agrave;o nh&agrave;.<br />\r\n+ Tỳ Hưu m&agrave;u đỏ đen xua đi đen đủi v&agrave; t&agrave; kh&iacute; mang lại may mắn cho gia chủ.</p>\r\n\r\n<h2><strong>Shop Cam Kết:</strong></h2>\r\n\r\n<p>+ Sản phẩm đến tay kh&aacute;ch h&agrave;ng đảm bảo chất lượng.<br />\r\n+ H&igrave;nh ảnh v&agrave; sản phẩm thực tế đ&uacute;ng với m&ocirc; tả v&agrave; h&igrave;nh ảnh.<br />\r\n+ H&agrave;ng lu&ocirc;n c&oacute; sẵn tại kho, đống g&oacute;i gửi ngay.<br />\r\n+ Đổi trả miễn ph&iacute; nếu h&agrave;ng h&oacute;a lỗi do nh&agrave; sản xuất, nh&agrave; b&aacute;n h&agrave;ng, vận chuyển.<br />\r\n+ Kh&agrave;ng h&agrave;ng đ&atilde; đăng k&yacute; t&agrave;i khoản sẽ&nbsp;nhận được nhiều ưu đ&atilde;i đặc biệt.</p>', 100, 12000000, 11400000, 5, 0, '2024-02-02 00:11:11', '2024-02-02 00:11:11'),
(43, 2, 'ty-huu-phong-thuy-xanh-ngoc-do-size-22cm', 'Tỳ Hưu Phong Thủy Xanh Ngọc Đỏ Size 22cm', 'ty-huu-phong-thuy-xanh-ngoc-22cm.jpg', '<p>Tỳ hưu phong thuỷ được xem như linh vật h&agrave;ng đầu trong c&aacute;c linh vật theo thuyết phong thuỷ v&agrave; được c&aacute;c gia chủ lựa chọn nhiều nhất trong việc b&agrave;y tr&iacute; nhằm chi&ecirc;u t&agrave;i, giữ vận, trừ t&agrave;, mang lại t&agrave;i lộc v&agrave; cầu b&igrave;nh an.</p>', '<h2 id=\"gioi-thieu-ve-ty-huu-va-y-nghia-ty-huu-trong-phong-thuy\" name=\"gioi-thieu-ve-ty-huu-va-y-nghia-ty-huu-trong-phong-thuy\"><strong>Giới Thiệu Về Tỳ Hưu v&agrave; &Yacute; Nghĩa Tỳ Hưu Trong Phong Thuỷ</strong></h2>\r\n\r\n<p>Tỳ hưu phong thuỷ được xem như linh vật h&agrave;ng đầu trong c&aacute;c linh vật theo thuyết phong thuỷ v&agrave; được c&aacute;c gia chủ lựa chọn nhiều nhất trong việc b&agrave;y tr&iacute; nhằm chi&ecirc;u t&agrave;i, giữ t&agrave;i vận, trừ t&agrave;, mang lại t&agrave;i lộc v&agrave; cầu b&igrave;nh an.<br />\r\n<a href=\"https://quaqueviet.vn/ty-huu-phong-thuy-61.htm\" target=\"_blank\">Tỳ hưu</a>&nbsp;l&agrave; linh vật đặc biệt c&oacute; sự kết hợp của nhiều linh vật linh vật linh thi&ecirc;ng v&agrave; truyền thuyến kh&aacute;c sở hữu phần đầu giống với rồng, th&acirc;n giống như ngựa, ch&acirc;n th&igrave; giống kỳ l&acirc;n, h&igrave;nh d&aacute;ng th&igrave; mang vẽ đẹp của một con sư tử dũng mảnh v&agrave; oai nghi.</p>\r\n\r\n<p>Nhờ sự hội tụ tinh hoa của nhiều mảnh th&uacute; v&agrave; linh vật kh&aacute;c khiến Tỳ hưu l&agrave; một trong những linh vật đặc biệt mang nhiều &yacute; nghĩa cho những người sở hữu n&oacute;.</p>', 100, 6000000, 5400000, 10, 0, '2024-02-02 00:14:42', '2024-02-02 00:14:42'),
(44, 2, 'ty-huu-phong-thuy-theo-menh-mang-lai-tai-loc-va-may-man-cho-gia-chu', 'Tỳ Hưu Phong Thủy Theo Mệnh Mang Lại Tài Lộc và Máy Mắn Cho Gia Chủ', 'ty-huu-xanh-ngoc-do-600px.jpg', '<p>Vật phẩm phong thủy Tỳ Hưu để b&agrave;n l&agrave;m việc l&agrave; vấn đề được rất nhiều người quan t&acirc;m nhất hiện nay. Bởi đ&acirc;y l&agrave; sản phẩm c&oacute; thể mang đến nhiều tiền t&agrave;i, may mắn v&agrave; h&oacute;a giải những vấn đề xấu li&ecirc;n quan đến phong thủy. Tỳ Hưu m&oacute;n qu&agrave; trang tr&iacute; phong thủy l&agrave; một trong những vật phẩm được nhiều người lựa chọn. Để hiểu r&otilde; hơn về vật phẩm n&agrave;y c&aacute;c bạn h&atilde;y tham khảo những th&ocirc;ng tin sau nh&eacute;.</p>', '<p>Vật phẩm phong thủy Tỳ Hưu để b&agrave;n l&agrave;m việc l&agrave; vấn đề được rất nhiều người quan t&acirc;m nhất hiện nay. Bởi đ&acirc;y l&agrave; sản phẩm c&oacute; thể mang đến nhiều tiền t&agrave;i, may mắn v&agrave; h&oacute;a giải những vấn đề xấu li&ecirc;n quan đến phong thủy. Tỳ Hưu m&oacute;n qu&agrave; trang tr&iacute; phong thủy l&agrave; một trong những vật phẩm được nhiều người lựa chọn. Để hiểu r&otilde; hơn về vật phẩm n&agrave;y c&aacute;c bạn h&atilde;y tham khảo những th&ocirc;ng tin sau nh&eacute;.</p>', 100, 650000, 637000, 2, 0, '2024-02-02 00:16:24', '2024-02-02 00:16:24'),
(45, 1, 'cap-ty-huu-ngoc-vang-luu-ly-tren-de-thuy-tinh-fln061', 'Cặp tỳ hưu ngọc vàng lưu ly trên đế thuỷ tinh FLN061', 'ty-huu-vang-do1.jpg', '<p>+ Chất liệu v&agrave; ho&agrave;n thiện: Cặp tỳ hưu ngọc v&agrave;ng lưu ly tr&ecirc;n đế thuỷ tinh, bột đ&aacute; m&agrave;u cao cấp (tại Việt Nam).<br />\r\n+ K&iacute;ch thước (d&agrave;i x rộng x cao): 11.5cm x 7.5cm x 11cm/ 1 &ocirc;ng<br />\r\n+ Khối lượng: 500gr/cặp<br />\r\n+ &Yacute; nghĩa: Chi&ecirc;u T&agrave;i Tỳ Hưu- mang lại may mắn về t&agrave;i lộc, kinh doanh ph&aacute;t đạt, c&ocirc;ng việc thuận lợi, h&oacute;a s&aacute;t tịch t&agrave;, h&oacute;a giải sao xấu, đem lại vận may cho người sử dụng.<br />\r\n+ C&aacute;ch sử dụng: trưng b&agrave;y ph&ograve;ng kh&aacute;ch, ph&ograve;ng l&agrave;m việc, cửa h&agrave;ng kinh doanh,..</p>', '<p>+ Chất liệu v&agrave; ho&agrave;n thiện: Cặp tỳ hưu ngọc v&agrave;ng lưu ly tr&ecirc;n đế thuỷ tinh, bột đ&aacute; m&agrave;u cao cấp (tại Việt Nam).<br />\r\n+ K&iacute;ch thước (d&agrave;i x rộng x cao): 11.5cm x 7.5cm x 11cm/ 1 &ocirc;ng<br />\r\n+ Khối lượng: 500gr/cặp<br />\r\n+ &Yacute; nghĩa: Chi&ecirc;u T&agrave;i Tỳ Hưu- mang lại may mắn về t&agrave;i lộc, kinh doanh ph&aacute;t đạt, c&ocirc;ng việc thuận lợi, h&oacute;a s&aacute;t tịch t&agrave;, h&oacute;a giải sao xấu, đem lại vận may cho người sử dụng.<br />\r\n+ C&aacute;ch sử dụng: trưng b&agrave;y ph&ograve;ng kh&aacute;ch, ph&ograve;ng l&agrave;m việc, cửa h&agrave;ng kinh doanh,..</p>', 100, 1900000, 1900000, 0, 0, '2024-02-02 01:59:14', '2024-02-02 01:59:14');

-- --------------------------------------------------------

--
-- Cấu trúc bảng cho bảng `product_images`
--

CREATE TABLE `product_images` (
  `id` int(11) NOT NULL,
  `image` varchar(255) NOT NULL,
  `product_id` int(11) NOT NULL
) ENGINE=InnoDB DEFAULT CHARSET=utf8mb4 COLLATE=utf8mb4_general_ci;

--
-- Đang đổ dữ liệu cho bảng `product_images`
--

INSERT INTO `product_images` (`id`, `image`, `product_id`) VALUES
(1, '_MG_4650 (1).jpg', 23),
(2, '_MG_4650.jpg', 23),
(3, '_MG_4652.jpg', 23),
(4, '_MG_4653.jpg', 23),
(5, '_MG_4657.jpg', 23);

-- --------------------------------------------------------

--
-- Cấu trúc bảng cho bảng `shoppingcart`
--

CREATE TABLE `shoppingcart` (
  `identifier` varchar(255) NOT NULL,
  `instance` varchar(255) NOT NULL,
  `content` longtext NOT NULL,
  `created_at` timestamp NULL DEFAULT NULL,
  `updated_at` timestamp NULL DEFAULT NULL
) ENGINE=InnoDB DEFAULT CHARSET=utf8mb4 COLLATE=utf8mb4_unicode_ci;

-- --------------------------------------------------------

--
-- Cấu trúc bảng cho bảng `users`
--

CREATE TABLE `users` (
  `id` bigint(20) UNSIGNED NOT NULL,
  `name` varchar(255) NOT NULL,
  `username` varchar(255) NOT NULL,
  `email` varchar(255) NOT NULL,
  `email_verified_at` timestamp NULL DEFAULT NULL,
  `password` varchar(255) NOT NULL,
  `remember_token` varchar(100) DEFAULT NULL,
  `created_at` timestamp NULL DEFAULT NULL,
  `updated_at` timestamp NULL DEFAULT NULL
) ENGINE=InnoDB DEFAULT CHARSET=utf8mb4 COLLATE=utf8mb4_unicode_ci;

--
-- Đang đổ dữ liệu cho bảng `users`
--

INSERT INTO `users` (`id`, `name`, `username`, `email`, `email_verified_at`, `password`, `remember_token`, `created_at`, `updated_at`) VALUES
(1, 'Hảo Nguyễn', 'admin', 'nguyenphuochao123@hmail.com', NULL, '$2y$10$.k3jsCmL4tooG59LzW0KP.wKbZLfQgHr8f7KJRPT//ofIGgEKnlxi', NULL, NULL, NULL);

--
-- Chỉ mục cho các bảng đã đổ
--

--
-- Chỉ mục cho bảng `categories`
--
ALTER TABLE `categories`
  ADD PRIMARY KEY (`id`);

--
-- Chỉ mục cho bảng `customers`
--
ALTER TABLE `customers`
  ADD PRIMARY KEY (`id`);

--
-- Chỉ mục cho bảng `failed_jobs`
--
ALTER TABLE `failed_jobs`
  ADD PRIMARY KEY (`id`),
  ADD UNIQUE KEY `failed_jobs_uuid_unique` (`uuid`);

--
-- Chỉ mục cho bảng `home_images`
--
ALTER TABLE `home_images`
  ADD PRIMARY KEY (`id`),
  ADD KEY `category_id` (`category_id`);

--
-- Chỉ mục cho bảng `medias`
--
ALTER TABLE `medias`
  ADD PRIMARY KEY (`id`);

--
-- Chỉ mục cho bảng `migrations`
--
ALTER TABLE `migrations`
  ADD PRIMARY KEY (`id`);

--
-- Chỉ mục cho bảng `news`
--
ALTER TABLE `news`
  ADD PRIMARY KEY (`id`);

--
-- Chỉ mục cho bảng `orders`
--
ALTER TABLE `orders`
  ADD PRIMARY KEY (`id`),
  ADD UNIQUE KEY `code` (`code`);

--
-- Chỉ mục cho bảng `order_details`
--
ALTER TABLE `order_details`
  ADD PRIMARY KEY (`id`);

--
-- Chỉ mục cho bảng `password_resets`
--
ALTER TABLE `password_resets`
  ADD KEY `password_resets_email_index` (`email`);

--
-- Chỉ mục cho bảng `products`
--
ALTER TABLE `products`
  ADD PRIMARY KEY (`id`),
  ADD KEY `category_id` (`category_id`);

--
-- Chỉ mục cho bảng `product_images`
--
ALTER TABLE `product_images`
  ADD PRIMARY KEY (`id`);

--
-- Chỉ mục cho bảng `shoppingcart`
--
ALTER TABLE `shoppingcart`
  ADD PRIMARY KEY (`identifier`,`instance`);

--
-- Chỉ mục cho bảng `users`
--
ALTER TABLE `users`
  ADD PRIMARY KEY (`id`),
  ADD UNIQUE KEY `users_email_unique` (`email`);

--
-- AUTO_INCREMENT cho các bảng đã đổ
--

--
-- AUTO_INCREMENT cho bảng `categories`
--
ALTER TABLE `categories`
  MODIFY `id` int(11) NOT NULL AUTO_INCREMENT, AUTO_INCREMENT=30;

--
-- AUTO_INCREMENT cho bảng `customers`
--
ALTER TABLE `customers`
  MODIFY `id` int(11) NOT NULL AUTO_INCREMENT, AUTO_INCREMENT=11;

--
-- AUTO_INCREMENT cho bảng `failed_jobs`
--
ALTER TABLE `failed_jobs`
  MODIFY `id` bigint(20) UNSIGNED NOT NULL AUTO_INCREMENT;

--
-- AUTO_INCREMENT cho bảng `home_images`
--
ALTER TABLE `home_images`
  MODIFY `id` int(11) NOT NULL AUTO_INCREMENT, AUTO_INCREMENT=12;

--
-- AUTO_INCREMENT cho bảng `medias`
--
ALTER TABLE `medias`
  MODIFY `id` int(11) NOT NULL AUTO_INCREMENT, AUTO_INCREMENT=11;

--
-- AUTO_INCREMENT cho bảng `migrations`
--
ALTER TABLE `migrations`
  MODIFY `id` int(10) UNSIGNED NOT NULL AUTO_INCREMENT, AUTO_INCREMENT=5;

--
-- AUTO_INCREMENT cho bảng `news`
--
ALTER TABLE `news`
  MODIFY `id` int(11) NOT NULL AUTO_INCREMENT, AUTO_INCREMENT=10;

--
-- AUTO_INCREMENT cho bảng `orders`
--
ALTER TABLE `orders`
  MODIFY `id` int(11) NOT NULL AUTO_INCREMENT, AUTO_INCREMENT=11;

--
-- AUTO_INCREMENT cho bảng `order_details`
--
ALTER TABLE `order_details`
  MODIFY `id` int(11) NOT NULL AUTO_INCREMENT, AUTO_INCREMENT=15;

--
-- AUTO_INCREMENT cho bảng `products`
--
ALTER TABLE `products`
  MODIFY `id` int(11) NOT NULL AUTO_INCREMENT, AUTO_INCREMENT=46;

--
-- AUTO_INCREMENT cho bảng `product_images`
--
ALTER TABLE `product_images`
  MODIFY `id` int(11) NOT NULL AUTO_INCREMENT, AUTO_INCREMENT=6;

--
-- AUTO_INCREMENT cho bảng `users`
--
ALTER TABLE `users`
  MODIFY `id` bigint(20) UNSIGNED NOT NULL AUTO_INCREMENT, AUTO_INCREMENT=2;

--
-- Các ràng buộc cho các bảng đã đổ
--

--
-- Các ràng buộc cho bảng `home_images`
--
ALTER TABLE `home_images`
  ADD CONSTRAINT `home_images_ibfk_1` FOREIGN KEY (`category_id`) REFERENCES `categories` (`id`) ON DELETE CASCADE ON UPDATE CASCADE;

--
-- Các ràng buộc cho bảng `products`
--
ALTER TABLE `products`
  ADD CONSTRAINT `products_ibfk_1` FOREIGN KEY (`category_id`) REFERENCES `categories` (`id`);
COMMIT;

/*!40101 SET CHARACTER_SET_CLIENT=@OLD_CHARACTER_SET_CLIENT */;
/*!40101 SET CHARACTER_SET_RESULTS=@OLD_CHARACTER_SET_RESULTS */;
/*!40101 SET COLLATION_CONNECTION=@OLD_COLLATION_CONNECTION */;
